millis,x_1,y_1,z_1,x_2,y_2,z_2
5074,8.10,-2.79,5.38,3.17,-9.40,3.05
5099,8.67,-2.60,5.30,4.08,-8.45,2.76
5125,8.30,-2.59,5.24,3.67,-8.87,2.92
5149,8.22,-2.76,5.51,3.75,-8.72,2.92
5199,8.28,-2.71,5.56,3.74,-9.00,2.77
5224,8.15,-2.76,5.49,3.77,-8.89,2.75
5274,8.43,-2.66,5.44,3.76,-8.85,2.71
5300,8.09,-2.79,5.15,4.01,-8.76,2.84
5349,8.30,-2.71,5.29,3.77,-8.94,2.78
5374,8.37,-2.83,5.70,3.79,-8.75,3.79
5399,8.28,-2.77,5.28,3.55,-9.05,2.83
5449,8.26,-2.77,5.19,3.40,-9.11,2.60
5474,8.31,-2.78,5.48,3.79,-8.89,3.07
5524,8.23,-2.79,5.56,3.92,-8.65,2.93
5550,8.20,-2.87,5.33,3.65,-8.93,2.80
5600,8.10,-2.83,5.59,3.71,-8.96,2.73
5624,8.13,-2.94,5.68,3.86,-8.88,2.57
5675,8.18,-2.80,5.57,3.66,-8.83,2.60
5699,8.03,-2.82,5.27,3.65,-8.90,2.63
5748,8.17,-2.98,5.52,3.81,-8.88,2.86
5774,7.96,-3.05,5.69,3.63,-8.77,2.59
5799,7.69,-3.06,5.83,3.86,-8.93,2.88
5850,7.78,-3.32,6.15,3.75,-8.81,2.84
5874,7.74,-3.43,5.94,3.83,-8.83,2.75
5924,7.69,-3.29,5.59,3.61,-8.91,2.61
5949,7.74,-3.30,6.19,3.68,-8.90,2.55
5999,7.77,-3.29,6.13,3.68,-8.90,3.01
6024,7.60,-3.34,5.99,3.67,-8.82,2.59
6075,7.72,-3.30,6.01,3.68,-8.79,2.71
6099,7.68,-3.30,5.88,3.55,-8.81,2.85
6149,7.67,-3.21,5.83,3.57,-8.89,2.97
6174,7.61,-3.23,5.72,3.59,-8.88,2.52
6223,7.63,-3.24,5.85,3.86,-8.86,2.75
6249,7.69,-3.33,6.00,3.62,-8.84,2.39
6274,7.72,-3.30,5.76,3.75,-8.88,2.96
6325,7.70,-3.41,6.14,3.77,-8.82,2.57
6349,7.58,-3.31,5.88,3.69,-8.80,2.70
6400,7.72,-3.36,5.85,3.78,-8.88,2.65
6424,7.70,-3.37,5.87,3.68,-8.88,2.71
6474,7.58,-3.36,5.78,3.72,-8.82,2.64
6499,7.57,-3.34,5.71,3.73,-8.72,2.67
6548,7.54,-3.30,6.01,3.82,-8.89,2.70
6575,7.57,-3.45,6.02,3.70,-8.78,2.89
6624,7.62,-3.33,6.00,3.75,-8.91,2.67
6649,7.60,-3.39,5.88,3.56,-8.90,2.81
6674,7.54,-3.40,6.04,3.71,-8.88,3.16
6724,7.63,-3.30,5.96,3.80,-8.79,2.93
6749,7.66,-3.31,5.98,3.63,-8.86,2.59
6800,7.56,-3.45,5.83,3.83,-8.94,2.83
6824,7.70,-3.41,5.81,3.81,-8.86,2.85
6874,7.60,-3.32,5.83,3.72,-8.88,2.66
6899,7.65,-3.36,5.78,3.74,-8.80,3.26
6948,7.67,-3.32,6.07,3.83,-9.02,2.67
6974,7.61,-3.41,6.10,3.71,-8.85,3.02
7023,7.59,-3.36,6.12,3.95,-8.84,2.88
7050,7.58,-3.38,6.09,3.93,-8.97,2.85
7074,7.61,-3.40,5.89,3.75,-8.90,2.79
7124,7.64,-3.33,5.80,3.48,-8.80,3.04
7149,7.58,-3.32,5.83,3.74,-8.85,3.01
7199,7.57,-3.40,5.87,3.84,-8.86,3.05
7224,7.64,-3.31,5.95,3.84,-8.92,2.93
7273,7.54,-3.36,5.97,3.74,-8.85,2.59
7300,7.59,-3.31,5.92,3.76,-8.88,2.79
7349,7.57,-3.30,6.04,3.90,-8.87,2.53
7374,7.64,-3.36,5.96,3.87,-8.78,2.64
7424,7.65,-3.39,5.86,3.67,-8.89,2.59
7449,7.76,-3.36,6.13,3.52,-8.80,2.97
7474,7.55,-3.40,5.86,3.85,-8.84,2.51
7524,7.50,-3.43,5.98,3.66,-8.79,2.74
7549,7.68,-3.47,5.94,3.82,-8.90,2.79
7600,7.63,-3.42,6.00,3.76,-8.89,2.69
7624,7.53,-3.42,6.02,3.78,-8.91,2.79
7673,7.64,-3.41,5.91,3.72,-8.88,2.77
7699,7.59,-3.32,6.19,3.66,-8.91,2.67
7748,7.68,-3.33,5.81,3.74,-8.87,3.06
7798,7.54,-3.41,5.94,3.94,-8.94,2.74
7824,7.75,-3.39,6.08,3.83,-8.94,3.05
7849,7.61,-3.30,5.77,3.88,-8.88,2.79
7874,7.56,-3.35,5.95,3.80,-8.87,2.66
7924,7.52,-3.46,6.05,3.78,-8.89,2.68
7949,7.66,-3.35,6.15,3.59,-8.91,2.57
7999,7.60,-3.41,5.94,3.57,-8.81,2.83
8025,7.56,-3.34,5.84,3.66,-8.88,2.73
8074,7.69,-3.35,5.78,3.80,-8.90,3.07
8099,7.61,-3.43,6.03,3.64,-8.87,2.77
8148,7.59,-3.37,5.99,3.93,-8.79,2.47
8174,7.54,-3.37,6.19,3.67,-8.80,2.67
8223,7.66,-3.29,5.83,3.69,-8.80,2.55
8249,7.56,-3.30,5.89,3.84,-8.82,2.22
8274,7.71,-3.39,5.75,3.77,-8.81,2.60
8325,7.64,-3.40,5.99,3.87,-8.84,2.65
8349,7.64,-3.34,6.01,3.69,-8.84,2.81
8399,7.66,-3.37,5.96,3.73,-8.86,2.72
8424,7.71,-3.39,5.98,3.82,-8.89,2.61
8473,7.65,-3.41,6.10,3.70,-8.91,2.65
8499,7.54,-3.38,5.94,3.62,-8.79,2.56
8549,7.61,-3.41,5.77,3.73,-8.81,2.79
8574,7.52,-3.28,5.69,3.91,-8.88,2.63
8624,7.67,-3.33,5.83,3.71,-8.91,2.56
8649,7.57,-3.38,5.74,3.81,-8.84,2.63
8698,7.69,-3.36,6.17,3.62,-8.76,2.93
8724,7.60,-3.36,5.83,3.69,-8.85,2.64
8749,7.67,-3.33,6.14,3.74,-8.88,2.63
8800,7.60,-3.39,6.19,3.53,-8.86,2.90
8824,7.52,-3.37,6.02,3.75,-8.88,2.62
8873,7.57,-3.36,6.02,3.79,-8.80,2.65
8899,7.63,-3.30,5.90,3.82,-8.87,2.93
8948,7.54,-3.35,5.85,3.73,-8.82,2.86
8974,7.61,-3.30,5.63,3.84,-8.87,2.76
9023,7.70,-3.41,5.92,3.86,-8.81,2.54
9050,7.70,-3.39,5.90,3.67,-8.89,2.97
9099,7.56,-3.32,5.92,3.72,-8.89,2.63
9124,7.54,-3.35,5.76,3.70,-8.88,3.03
9149,7.67,-3.34,5.91,3.63,-8.77,3.10
9198,7.61,-3.36,6.04,3.70,-8.79,2.63
9224,7.64,-3.34,5.87,3.75,-8.83,3.09
9274,7.61,-3.46,5.72,3.97,-8.86,2.56
9299,7.54,-3.31,5.60,3.72,-8.88,2.96
9349,7.59,-3.31,5.88,3.67,-8.76,2.68
9374,7.54,-3.42,6.09,3.79,-8.89,2.63
9423,7.57,-3.43,5.81,3.76,-8.83,2.63
9449,7.71,-3.39,5.95,3.61,-8.90,2.92
9498,7.48,-3.37,6.09,3.80,-8.86,2.95
9525,7.67,-3.41,5.94,3.76,-8.86,2.79
9549,7.56,-3.38,5.90,3.77,-8.86,2.77
9598,7.62,-3.43,6.04,3.71,-8.88,2.82
9624,7.60,-3.38,5.93,3.59,-8.87,2.75
9673,7.52,-3.32,6.14,3.67,-8.84,2.96
9699,7.66,-3.42,6.14,3.77,-8.94,2.80
9748,7.65,-3.41,5.89,3.66,-8.82,2.50
9775,7.62,-3.39,5.95,3.82,-8.88,2.92
9824,7.52,-3.42,5.98,3.70,-8.87,2.93
9849,7.56,-3.39,6.13,3.78,-8.83,2.93
9899,7.51,-3.45,6.14,3.77,-8.80,2.60
9924,7.70,-3.35,5.97,3.76,-8.86,2.48
9949,7.58,-3.50,6.11,3.79,-8.94,2.63
9998,7.55,-3.36,5.83,3.66,-8.88,2.92
10024,7.62,-3.37,5.84,3.70,-8.81,2.87
10074,7.58,-3.45,5.92,3.67,-8.84,2.74
10099,7.62,-3.41,5.97,3.82,-8.87,2.83
10148,7.53,-3.42,5.97,3.74,-8.82,2.75
10174,7.54,-3.41,6.06,3.73,-8.88,2.79
10223,7.64,-3.40,5.79,3.78,-8.90,2.80
10249,7.48,-3.39,5.76,3.58,-8.79,2.79
10299,7.41,-3.42,5.92,3.73,-8.75,2.67
10324,7.49,-3.39,5.82,3.79,-8.85,2.58
10349,7.57,-3.39,5.96,3.67,-8.88,3.05
10398,7.51,-3.45,5.81,3.80,-8.89,2.71
10424,7.55,-3.41,5.64,3.72,-8.90,2.53
10473,7.58,-3.37,6.08,3.67,-8.83,2.52
10500,7.64,-3.42,5.85,3.80,-8.81,2.77
10549,7.63,-3.31,6.17,3.71,-8.86,2.98
10574,7.54,-3.43,6.00,3.66,-8.84,2.76
10624,7.57,-3.36,6.11,3.80,-8.93,2.83
10649,7.68,-3.34,5.83,3.66,-8.93,2.92
10698,7.69,-3.39,6.00,3.67,-8.88,2.72
10724,7.62,-3.40,5.94,3.60,-8.88,2.75
10749,7.49,-3.33,5.84,3.67,-8.92,2.60
10799,7.69,-3.39,5.99,3.62,-8.85,2.46
10824,7.49,-3.43,5.94,3.79,-8.87,2.68
10873,7.77,-3.42,5.86,3.76,-8.84,2.75
10899,7.73,-3.39,5.92,3.85,-8.93,2.77
10948,7.54,-3.36,5.81,3.73,-8.89,2.71
10974,7.52,-3.36,5.85,3.80,-8.84,2.76
11024,7.51,-3.31,5.91,3.81,-8.93,2.73
11049,7.51,-3.40,5.97,3.70,-8.94,2.44
11099,7.61,-3.40,5.74,3.72,-8.97,2.43
11124,7.64,-3.33,5.89,3.80,-8.82,2.97
11174,7.60,-3.36,5.69,3.72,-8.85,2.79
11198,7.62,-3.46,6.19,3.79,-8.85,2.53
11224,7.57,-3.41,6.00,3.71,-8.98,2.65
11274,7.68,-3.39,6.03,3.63,-8.87,2.84
11299,7.59,-3.35,5.94,3.72,-8.90,2.78
11348,7.52,-3.32,5.68,3.95,-8.90,2.71
11374,7.63,-3.43,5.85,3.68,-8.86,2.90
11423,7.69,-3.41,6.06,3.90,-8.84,2.67
11449,7.62,-3.39,5.80,3.81,-8.92,2.52
11499,7.67,-3.35,5.89,3.81,-8.85,2.55
11524,7.66,-3.31,6.05,3.70,-8.87,3.00
11575,7.70,-3.41,6.13,3.78,-8.82,2.55
11598,7.65,-3.41,6.00,3.65,-8.88,2.54
11624,7.60,-3.42,5.98,3.81,-8.85,2.77
11673,7.59,-3.35,5.89,3.65,-8.85,2.87
11699,7.55,-3.47,5.80,3.89,-8.88,2.50
11749,7.52,-3.35,5.88,3.81,-8.87,2.72
11774,7.56,-3.42,5.85,3.85,-8.92,2.59
11824,7.54,-3.37,6.12,3.64,-8.86,2.55
11849,7.53,-3.31,6.08,3.70,-8.84,2.82
11899,7.57,-3.43,5.92,3.93,-8.92,2.67
11924,7.50,-3.44,5.80,3.84,-8.90,2.76
11974,7.59,-3.42,5.90,3.72,-8.86,2.73
11999,7.61,-3.45,5.97,3.78,-8.92,3.06
12024,7.59,-3.42,6.01,3.81,-8.90,2.89
12073,7.71,-3.48,5.83,3.76,-8.88,2.95
12099,7.62,-3.42,6.13,3.85,-8.94,2.82
12148,7.67,-3.36,6.03,3.84,-8.93,2.75
12174,7.64,-3.39,6.02,3.79,-8.78,2.84
12224,7.62,-3.46,5.89,3.93,-8.88,2.61
12250,7.64,-3.40,5.72,3.65,-8.84,2.69
12300,7.60,-3.34,5.83,3.81,-8.95,2.53
12323,7.53,-3.42,6.12,3.75,-8.91,2.61
12375,7.68,-3.41,5.97,3.78,-8.80,2.73
12398,7.73,-3.35,6.05,3.70,-8.90,2.91
12424,7.57,-3.40,5.98,3.68,-8.80,2.75
12474,7.59,-3.43,6.24,3.88,-8.88,2.81
12499,7.66,-3.30,5.91,3.65,-8.86,2.79
12550,7.62,-3.44,5.97,3.80,-8.78,2.63
12574,7.58,-3.38,6.13,3.75,-8.84,2.74
12624,7.61,-3.38,6.09,3.71,-8.81,2.92
12649,7.55,-3.41,5.84,3.67,-8.87,2.46
12699,7.68,-3.47,5.97,3.77,-8.81,2.75
12723,7.68,-3.44,6.00,3.78,-8.91,2.78
12775,7.68,-3.31,5.88,3.68,-8.86,3.08
12798,7.57,-3.39,5.93,3.80,-8.87,2.86
12824,7.61,-3.44,5.84,3.79,-8.91,2.78
12874,7.71,-3.41,5.76,3.80,-8.87,2.57
12899,7.55,-3.37,6.11,3.77,-8.95,2.65
12949,7.69,-3.45,5.96,3.71,-8.76,2.54
12975,7.58,-3.37,5.89,3.72,-8.90,2.77
13025,7.60,-3.38,5.96,3.80,-8.89,2.95
13049,7.61,-3.41,5.93,3.62,-8.95,2.95
13100,7.64,-3.42,6.02,3.74,-8.84,2.60
13123,7.56,-3.39,6.16,3.76,-8.83,2.69
13174,7.59,-3.40,5.79,3.76,-8.93,3.03
13199,7.56,-3.40,6.07,3.77,-8.82,2.59
13224,7.63,-3.41,5.87,3.77,-8.87,2.84
13275,7.63,-3.44,5.85,3.77,-8.85,2.56
13299,7.71,-3.40,6.03,3.84,-8.89,2.76
13349,7.56,-3.35,6.07,3.70,-8.88,2.55
13374,7.55,-3.43,6.10,3.68,-8.82,2.81
13424,7.57,-3.31,5.93,3.84,-8.92,2.60
13449,7.61,-3.36,6.00,3.83,-8.88,2.46
13500,7.63,-3.39,5.95,3.75,-8.78,2.81
13523,7.60,-3.37,5.81,3.67,-8.87,2.73
13575,7.60,-3.33,5.83,3.90,-8.85,2.79
13599,7.59,-3.31,5.84,3.71,-8.89,2.71
13649,7.56,-3.35,5.95,3.75,-8.86,2.73
13674,7.60,-3.45,6.15,3.78,-8.97,2.94
13699,7.61,-3.45,6.19,3.64,-8.86,2.76
13750,7.57,-3.39,6.07,3.74,-8.82,2.71
13774,7.58,-3.32,6.02,3.86,-8.95,2.84
13825,7.66,-3.32,5.97,3.75,-8.88,2.69
13848,7.59,-3.37,5.85,3.64,-8.82,2.96
13899,7.62,-3.39,5.75,3.84,-8.86,2.43
13924,7.50,-3.45,5.74,3.66,-8.79,2.77
13974,7.60,-3.38,5.79,3.79,-8.78,2.95
14000,7.53,-3.39,5.93,3.81,-8.87,3.01
14050,7.56,-3.39,6.09,3.74,-8.80,2.31
14074,7.47,-3.38,5.83,3.79,-8.88,2.69
14099,7.61,-3.40,6.05,3.81,-8.88,2.45
14149,7.53,-3.46,6.11,3.76,-8.81,3.00
14174,7.60,-3.32,6.06,3.93,-8.93,2.52
14224,7.58,-3.46,6.35,3.71,-8.81,3.22
14248,7.64,-3.42,6.18,3.73,-8.81,2.72
14300,7.77,-3.36,5.78,3.82,-8.80,2.55
14324,7.64,-3.37,6.10,3.83,-8.96,2.97
14374,7.55,-3.44,5.80,3.71,-8.92,2.99
14399,7.51,-3.39,6.01,3.63,-8.88,2.56
14449,7.57,-3.47,5.91,3.88,-8.85,2.47
14474,7.60,-3.44,5.93,3.84,-8.84,2.95
14499,7.65,-3.43,5.74,3.96,-8.86,2.62
14550,7.61,-3.46,6.23,3.74,-8.81,2.70
14574,7.68,-3.31,6.01,3.68,-8.83,2.98
14624,7.57,-3.33,5.90,3.74,-8.85,2.91
14649,7.56,-3.37,6.11,3.57,-8.88,2.94
14699,7.57,-3.36,6.32,3.64,-8.81,2.57
14724,7.59,-3.28,6.03,3.67,-8.96,2.86
14775,7.56,-3.36,6.05,3.68,-8.84,2.72
14799,7.50,-3.35,5.62,3.75,-8.91,2.74
14850,7.54,-3.36,5.75,3.80,-8.84,2.64
14874,7.53,-3.44,6.03,3.87,-8.91,2.82
14899,7.71,-3.36,5.94,3.79,-8.90,2.52
14949,7.59,-3.40,6.02,3.74,-8.82,2.74
14974,7.51,-3.39,5.90,3.75,-8.94,2.85
15025,7.71,-3.42,5.82,3.68,-8.88,2.41
15049,7.54,-3.35,6.00,3.83,-8.96,2.78
15099,7.57,-3.33,5.67,3.85,-8.89,3.06
15124,7.61,-3.40,6.09,3.80,-8.86,2.87
15174,7.66,-3.38,5.80,3.69,-8.82,2.67
15199,7.71,-3.47,5.92,3.71,-8.86,2.88
15250,7.62,-3.49,5.70,3.73,-8.84,2.80
15273,7.61,-3.30,6.05,3.92,-8.87,2.60
15299,7.56,-3.37,5.95,3.82,-8.88,2.80
15349,7.58,-3.39,5.87,3.73,-8.88,2.84
15374,7.64,-3.31,6.04,3.63,-8.79,2.49
15424,7.50,-3.37,6.25,3.80,-8.86,2.48
15449,7.63,-3.37,5.89,3.73,-8.87,2.83
15500,7.63,-3.41,5.97,3.63,-8.80,2.69
15524,7.69,-3.37,5.73,3.66,-8.88,2.87
15575,7.70,-3.37,6.07,3.60,-8.90,2.57
15599,7.60,-3.38,6.10,3.78,-8.88,3.05
15649,7.67,-3.42,5.89,3.74,-8.83,2.89
15674,7.61,-3.47,6.04,3.75,-8.91,2.56
15699,7.65,-3.37,6.02,3.74,-8.92,3.03
15750,7.57,-3.42,5.94,3.74,-8.88,2.66
15774,7.59,-3.48,5.93,3.80,-8.90,3.00
15824,7.59,-3.45,5.83,3.72,-8.83,2.74
15849,7.46,-3.34,5.78,3.66,-8.79,2.81
15899,7.59,-3.42,5.82,3.61,-8.79,2.67
15924,7.62,-3.30,5.69,3.67,-8.82,2.58
15975,7.58,-3.31,5.73,3.80,-8.79,2.55
16000,7.55,-3.49,6.06,3.61,-8.84,2.70
16050,7.59,-3.44,5.91,3.77,-8.82,2.85
16074,7.49,-3.41,6.16,3.57,-8.84,2.74
16124,7.63,-3.31,5.83,3.79,-8.84,2.41
16149,7.66,-3.35,5.76,3.62,-8.79,2.46
16174,7.57,-3.41,5.83,3.75,-8.88,2.79
16225,7.47,-3.37,6.06,3.83,-8.94,2.53
16249,7.42,-3.40,5.83,3.70,-8.91,2.82
16300,7.52,-3.29,6.12,3.84,-8.84,2.70
16324,7.69,-3.45,6.13,3.68,-8.86,2.58
16374,7.75,-3.42,5.99,3.72,-8.83,2.73
16399,7.50,-3.31,5.96,3.74,-8.93,2.70
16449,7.69,-3.39,6.20,3.67,-8.78,2.79
16475,7.58,-3.42,5.92,3.74,-8.91,3.07
16525,7.52,-3.36,5.71,3.69,-8.87,2.90
16549,7.57,-3.30,6.06,3.74,-8.94,2.93
16574,7.57,-3.46,6.03,3.64,-8.87,2.79
16624,7.61,-3.46,5.97,3.77,-8.82,2.89
16649,7.61,-3.38,5.94,3.89,-8.90,2.66
16699,7.71,-3.43,6.04,3.76,-8.91,2.34
16724,7.51,-3.33,5.98,3.89,-8.86,2.73
16775,7.47,-3.38,5.95,3.81,-8.86,2.45
16799,7.49,-3.38,6.00,3.70,-8.90,2.80
16849,7.54,-3.36,5.83,3.66,-8.88,2.93
16874,7.58,-3.40,5.99,3.69,-8.82,3.04
16924,7.66,-3.42,5.97,3.63,-8.93,2.51
16950,7.54,-3.45,6.03,3.82,-8.89,2.77
16974,7.65,-3.41,5.96,3.73,-8.85,2.40
17025,7.49,-3.37,5.84,3.70,-8.82,2.82
17049,7.60,-3.35,5.90,3.77,-8.84,2.76
17099,7.50,-3.29,5.61,3.99,-8.83,2.52
17124,7.58,-3.40,6.17,3.75,-8.88,2.92
17174,7.57,-3.34,5.82,3.71,-8.88,2.64
17200,7.64,-3.33,5.81,3.83,-8.89,2.97
17250,7.43,-3.41,6.02,3.69,-8.87,2.71
17274,7.57,-3.45,5.82,3.82,-8.85,2.66
17325,7.61,-3.39,6.05,3.65,-8.79,2.83
17349,7.64,-3.32,6.05,3.71,-8.91,2.81
17398,7.69,-3.39,6.10,3.82,-8.83,2.79
17424,7.60,-3.42,5.93,3.72,-8.79,2.77
17449,7.58,-3.47,6.17,3.72,-8.79,2.68
17500,7.73,-3.42,5.95,3.60,-8.85,2.90
17524,7.54,-3.46,5.79,3.77,-8.80,2.54
17574,7.62,-3.45,6.06,3.75,-8.80,2.68
17599,7.50,-3.45,5.73,3.85,-8.93,2.42
17649,7.54,-3.38,5.82,3.91,-8.88,2.89
17674,7.54,-3.35,6.14,3.80,-8.88,2.79
17725,7.59,-3.34,5.62,3.81,-8.94,2.72
17750,7.55,-3.35,6.08,3.92,-8.86,2.67
17799,7.57,-3.42,5.83,3.75,-8.85,3.22
17824,7.49,-3.43,5.91,3.61,-8.85,2.69
17849,7.57,-3.44,6.16,3.61,-8.80,2.50
17899,7.66,-3.40,5.83,3.86,-8.79,2.97
17924,7.60,-3.38,6.04,3.71,-8.82,2.77
17975,7.59,-3.45,5.75,3.83,-8.95,2.72
17999,7.50,-3.43,6.03,3.79,-8.82,2.55
18050,7.66,-3.34,6.04,3.80,-8.92,2.95
18074,7.62,-3.33,6.06,3.92,-8.88,2.67
18124,7.67,-3.39,6.08,3.80,-8.88,2.54
18149,7.60,-3.41,6.26,3.75,-8.85,2.86
18198,7.59,-3.46,5.97,3.78,-8.95,2.83
18225,7.66,-3.39,5.94,3.60,-8.85,2.55
18249,7.56,-3.38,5.93,3.67,-8.92,2.62
18299,7.57,-3.38,5.88,3.78,-8.87,2.79
18324,7.64,-3.47,6.03,3.82,-8.84,2.62
18374,7.61,-3.45,5.96,3.68,-8.86,2.96
18399,7.56,-3.36,6.08,3.87,-8.83,2.90
18450,7.68,-3.42,5.99,3.83,-8.84,2.80
18475,7.62,-3.29,6.01,3.73,-8.79,2.80
18524,7.61,-3.34,5.97,3.67,-8.88,2.76
18549,7.45,-3.38,6.07,3.74,-8.83,2.79
18598,7.39,-3.40,5.70,3.75,-8.88,2.66
18624,7.61,-3.41,5.88,3.63,-8.86,2.72
18649,7.59,-3.45,6.12,3.77,-8.80,2.76
18700,7.48,-3.40,5.94,3.74,-8.85,2.67
18724,7.50,-3.36,6.29,3.63,-8.90,2.80
18775,7.58,-3.42,5.99,3.82,-8.90,2.79
18799,7.45,-3.47,5.90,3.71,-8.78,2.57
18849,7.61,-3.33,5.85,3.68,-8.70,2.72
18874,7.61,-3.45,6.05,3.71,-8.76,2.86
18923,7.67,-3.45,5.89,3.66,-8.95,2.58
18950,7.62,-3.41,5.64,3.83,-8.81,2.68
18999,7.49,-3.35,5.94,3.71,-8.80,2.57
19024,7.67,-3.41,6.01,3.75,-8.84,2.66
19049,7.59,-3.51,6.07,3.75,-8.88,2.92
19099,7.59,-3.33,6.15,3.54,-8.78,2.69
19124,7.62,-3.32,5.89,3.73,-8.87,2.95
19174,7.58,-3.39,5.93,3.72,-8.95,2.70
19200,7.61,-3.42,5.89,3.69,-8.93,3.17
19250,7.61,-3.37,5.95,3.80,-8.88,2.82
19274,7.61,-3.35,5.94,3.89,-8.86,2.89
19323,7.57,-3.47,5.85,3.72,-8.82,2.90
19349,7.53,-3.36,5.64,3.64,-8.78,2.83
19398,7.63,-3.44,5.96,3.68,-8.85,2.81
19424,7.56,-3.37,5.69,3.70,-8.88,3.30
19449,7.57,-3.37,6.05,3.66,-8.94,2.72
19500,7.65,-3.46,5.99,3.86,-8.86,2.96
19524,7.66,-3.46,6.07,3.58,-8.88,3.12
19574,7.59,-3.44,5.68,3.64,-8.84,2.78
19599,7.60,-3.38,5.69,3.70,-8.79,2.59
19649,7.53,-3.52,6.02,3.71,-8.77,2.53
19675,7.54,-3.40,6.29,3.74,-8.73,2.92
19724,7.55,-3.42,5.90,3.78,-8.86,2.80
19749,7.54,-3.38,5.85,3.60,-8.84,2.63
19799,7.48,-3.36,6.15,3.78,-8.87,2.60
19824,7.63,-3.41,6.08,3.76,-8.85,2.64
19873,7.60,-3.44,6.00,3.85,-8.71,2.56
19899,7.54,-3.41,6.13,3.79,-8.93,2.86
19924,7.52,-3.31,6.05,3.85,-8.89,3.19
19975,7.69,-3.41,5.74,3.80,-8.77,2.76
19999,7.71,-3.42,5.92,3.59,-8.97,2.73
20049,7.47,-3.44,6.04,3.57,-8.84,2.77
20074,7.63,-3.42,6.04,3.74,-8.89,3.01
20123,7.54,-3.49,5.84,3.80,-8.79,2.83
20149,7.63,-3.46,6.10,3.62,-8.88,2.65
20199,7.50,-3.34,6.10,3.80,-8.79,2.56
20225,7.65,-3.41,5.87,3.84,-8.88,2.85
20274,7.58,-3.40,6.09,3.91,-8.83,2.92
20299,7.58,-3.35,5.86,3.83,-8.76,2.59
20324,7.49,-3.37,6.15,3.73,-8.88,2.78
20374,7.61,-3.43,6.16,3.65,-8.88,2.91
20399,7.57,-3.44,5.99,3.94,-8.88,2.78
20450,7.59,-3.36,5.77,3.78,-8.97,2.76
20474,7.54,-3.36,5.83,3.71,-8.88,2.77
20524,7.52,-3.39,6.00,3.73,-8.80,2.76
20549,7.62,-3.33,5.96,3.83,-8.95,2.58
20598,7.61,-3.29,6.03,3.65,-8.96,2.55
20624,7.57,-3.45,6.29,3.65,-8.85,3.04
20673,7.57,-3.32,6.10,3.66,-8.84,2.86
20700,7.64,-3.31,5.85,3.83,-8.81,2.60
20724,7.48,-3.41,6.19,3.73,-8.76,2.85
20774,7.54,-3.46,5.94,3.72,-8.91,2.85
20799,7.46,-3.42,6.05,3.84,-8.80,2.45
20848,7.55,-3.44,6.14,3.71,-8.77,2.57
20874,7.65,-3.45,5.92,3.70,-8.91,2.79
20924,7.52,-3.39,6.16,3.64,-8.87,2.72
20950,7.61,-3.51,5.89,3.85,-8.88,2.92
20999,7.54,-3.53,5.81,4.00,-8.84,2.80
21024,7.57,-3.47,5.83,3.75,-8.88,2.96
21073,7.53,-3.38,6.21,3.93,-8.88,2.95
21099,7.50,-3.32,5.75,3.77,-8.82,2.61
21124,7.52,-3.42,6.14,3.80,-8.86,2.67
21175,7.51,-3.43,6.06,3.81,-8.88,2.94
21199,7.50,-3.38,6.25,3.64,-8.80,2.81
21249,7.68,-3.41,5.84,3.77,-8.88,2.78
21274,7.46,-3.35,6.03,3.77,-8.73,2.78
21323,7.71,-3.46,5.93,3.84,-8.88,2.83
21349,7.59,-3.43,6.05,3.70,-8.84,2.54
21398,7.55,-3.40,6.16,3.74,-8.80,2.77
21425,7.55,-3.40,6.01,3.79,-8.90,2.86
21474,7.69,-3.35,6.00,3.80,-8.86,2.90
21499,7.58,-3.32,6.10,3.70,-8.89,2.74
21524,7.67,-3.37,6.10,3.67,-8.87,2.72
21574,7.50,-3.44,5.75,3.80,-8.79,2.68
21599,7.68,-3.39,5.81,3.82,-8.81,2.71
21648,7.58,-3.31,6.00,3.63,-8.87,2.84
21675,7.63,-3.50,6.05,3.77,-8.85,2.79
21724,7.59,-3.45,5.93,3.85,-8.92,2.66
21749,7.59,-3.30,5.91,3.68,-8.86,2.81
21798,7.57,-3.45,5.87,3.79,-8.88,2.71
21824,7.59,-3.41,5.97,3.75,-8.91,3.00
21873,7.60,-3.43,6.09,3.70,-8.81,2.79
21899,7.67,-3.48,5.75,3.86,-8.84,2.77
21924,7.58,-3.39,5.87,3.80,-8.76,2.71
21975,7.54,-3.42,6.10,3.61,-8.84,2.68
21999,7.67,-3.32,5.88,3.67,-8.87,2.57
22048,7.64,-3.37,6.21,3.60,-8.84,2.76
22074,7.56,-3.46,5.73,3.81,-8.86,2.90
22123,7.49,-3.42,6.19,3.81,-8.93,2.70
22150,7.72,-3.41,6.06,3.67,-8.83,2.63
22199,7.46,-3.40,5.89,3.73,-8.87,2.69
22224,7.52,-3.35,5.68,3.86,-8.89,2.72
22274,7.58,-3.35,6.10,3.73,-8.91,3.04
22298,7.48,-3.29,6.06,3.65,-8.81,2.86
22348,7.50,-3.43,5.92,3.72,-8.81,2.84
22373,7.61,-3.45,5.95,3.66,-8.76,2.37
22400,7.61,-3.38,5.99,3.81,-8.91,2.53
22449,7.59,-3.42,6.08,3.57,-8.81,3.12
22474,7.55,-3.44,6.08,3.78,-8.92,2.79
22523,7.63,-3.41,5.83,3.73,-8.85,2.76
22549,7.60,-3.45,5.84,3.76,-8.88,2.64
22598,7.58,-3.50,5.78,3.68,-8.82,2.60
22624,7.69,-3.49,5.95,3.76,-8.85,2.74
22674,7.56,-3.36,5.96,3.61,-8.78,2.73
22700,7.53,-3.42,6.11,3.86,-8.90,2.71
22749,7.61,-3.27,5.91,3.60,-8.88,2.84
22774,7.67,-3.39,6.12,3.79,-8.87,2.97
22799,7.53,-3.38,5.76,3.61,-8.88,2.49
22848,7.68,-3.38,6.11,3.69,-8.79,2.79
22874,7.64,-3.35,6.11,3.81,-8.89,2.62
22924,7.55,-3.43,5.73,3.65,-8.88,2.97
22949,7.54,-3.40,5.93,3.75,-8.88,2.71
22999,7.57,-3.33,6.03,3.82,-8.83,2.72
23024,7.55,-3.43,6.10,3.84,-8.86,2.62
23073,7.58,-3.46,6.00,3.68,-8.87,2.93
23098,7.58,-3.51,5.99,3.67,-8.90,2.95
23148,7.46,-3.42,5.97,3.83,-8.82,2.93
23174,7.58,-3.37,6.09,3.70,-8.88,3.10
23199,7.62,-3.34,6.25,3.86,-8.84,2.79
23248,7.62,-3.39,6.02,3.83,-8.88,2.87
23274,7.61,-3.32,5.95,3.68,-8.93,2.74
23323,7.64,-3.46,5.83,3.69,-8.95,3.01
23349,7.55,-3.36,6.35,3.78,-8.89,2.97
23399,7.63,-3.36,5.94,3.81,-8.77,2.77
23425,7.51,-3.45,6.11,3.78,-8.86,2.81
23474,7.53,-3.30,5.86,3.62,-8.82,2.66
23499,7.56,-3.41,5.94,3.70,-8.85,2.27
23549,7.59,-3.40,5.94,3.76,-8.92,2.69
23573,7.57,-3.46,6.10,3.83,-8.80,2.90
23599,7.62,-3.41,6.10,3.79,-8.81,2.77
23649,7.51,-3.46,6.12,3.80,-8.84,2.38
23674,7.55,-3.42,5.69,3.81,-8.84,2.90
23724,7.67,-3.31,6.13,3.83,-8.89,2.29
23749,7.60,-3.46,5.80,3.65,-8.83,2.50
23798,7.63,-3.31,5.93,3.69,-8.87,2.46
23824,7.67,-3.42,5.80,3.78,-8.94,2.86
23873,7.59,-3.41,6.01,3.67,-8.81,3.15
23900,7.68,-3.43,5.71,3.76,-8.88,2.75
23950,7.62,-3.40,6.04,3.91,-8.88,2.62
23973,7.56,-3.47,5.93,3.68,-8.83,2.97
23999,7.61,-3.41,5.94,3.70,-8.84,2.75
24048,7.63,-3.43,5.94,3.82,-8.89,2.93
24074,7.65,-3.44,6.12,3.80,-8.88,2.65
24123,7.53,-3.38,5.81,3.76,-8.93,2.77
24150,7.59,-3.40,6.17,3.70,-8.93,3.10
24199,7.68,-3.41,6.11,3.80,-8.87,2.71
24224,7.65,-3.39,6.03,3.74,-8.84,2.95
24274,7.66,-3.40,6.01,3.64,-8.85,2.72
24299,7.55,-3.39,6.06,3.81,-8.86,2.65
24349,7.59,-3.44,6.32,3.69,-8.86,2.93
24374,7.61,-3.37,5.66,3.70,-8.86,2.85
24399,7.54,-3.39,6.12,3.65,-8.80,2.61
24449,7.57,-3.38,6.02,3.90,-8.84,2.72
24474,7.65,-3.36,6.11,3.73,-8.85,3.04
24523,7.57,-3.44,5.72,3.86,-8.80,2.73
24549,7.54,-3.42,5.93,3.70,-8.85,2.75
24599,7.56,-3.32,5.75,3.61,-8.79,2.67
24625,7.56,-3.41,6.17,3.73,-8.84,2.49
24675,7.65,-3.42,6.11,3.61,-8.82,2.83
24699,7.63,-3.35,6.02,3.80,-8.88,2.71
24750,7.63,-3.39,6.21,3.68,-8.82,2.94
24773,7.63,-3.41,6.01,3.86,-8.88,2.64
24824,7.45,-3.47,6.14,3.81,-8.83,2.67
24848,7.56,-3.47,5.71,3.77,-8.94,2.60
24875,7.60,-3.40,5.64,3.78,-8.84,3.04
24924,7.63,-3.38,5.93,3.72,-8.82,2.77
24949,7.50,-3.35,5.86,3.69,-8.81,2.68
24999,7.58,-3.45,5.90,3.71,-8.85,2.46
25024,7.59,-3.48,5.84,3.55,-8.86,2.73
25074,7.57,-3.40,6.23,3.72,-8.85,2.43
25099,7.60,-3.46,6.10,3.63,-8.79,2.58
25150,7.47,-3.35,6.01,3.75,-8.82,2.58
25175,7.61,-3.35,5.87,3.83,-8.82,2.61
25225,7.44,-3.41,5.83,3.79,-8.92,2.74
25249,7.65,-3.31,5.95,3.74,-8.89,3.12
25274,7.53,-3.44,5.92,3.58,-8.76,2.69
25324,7.60,-3.39,5.95,3.76,-8.85,2.84
25349,7.66,-3.51,5.97,3.70,-8.90,2.77
25400,7.73,-3.43,5.87,3.75,-8.93,2.93
25424,7.46,-3.35,6.10,3.73,-8.88,2.91
25475,7.56,-3.49,6.15,3.81,-8.87,2.76
25498,7.62,-3.43,5.90,3.75,-8.86,2.33
25549,7.57,-3.41,5.84,3.86,-8.87,2.68
25573,7.64,-3.39,6.11,3.73,-8.74,2.99
25624,7.63,-3.40,5.98,3.73,-8.87,2.76
25650,7.60,-3.43,6.02,3.63,-8.76,3.04
25674,7.63,-3.37,5.77,3.73,-8.91,2.73
25724,7.64,-3.38,5.81,3.55,-8.90,2.98
25749,7.52,-3.39,5.88,3.79,-8.89,2.79
25799,7.60,-3.42,6.18,3.69,-8.89,2.68
25824,7.57,-3.42,6.25,3.92,-8.85,2.63
25874,7.72,-3.38,5.90,3.77,-8.82,2.85
25900,7.62,-3.45,6.01,3.88,-8.89,2.55
25950,7.51,-3.38,5.72,3.61,-8.85,2.78
25973,7.66,-3.37,6.02,3.69,-8.80,2.68
26024,7.56,-3.41,6.05,3.78,-8.83,2.60
26049,7.59,-3.32,6.23,3.63,-8.84,2.79
26074,7.56,-3.31,6.00,3.75,-8.87,2.86
26125,7.62,-3.44,5.96,3.85,-8.90,2.79
26149,7.53,-3.48,6.06,3.59,-8.86,2.93
26200,7.64,-3.45,6.04,3.74,-8.85,2.97
26224,7.62,-3.42,6.17,3.76,-8.88,2.79
26274,7.68,-3.42,5.87,3.52,-8.79,2.69
26298,7.61,-3.32,5.92,3.77,-8.84,2.73
26349,7.65,-3.44,6.00,3.78,-8.88,2.98
26374,7.58,-3.38,6.08,3.68,-8.95,2.77
26425,7.59,-3.36,6.03,3.80,-8.80,2.97
26448,7.49,-3.41,6.03,3.79,-8.89,2.65
26474,7.52,-3.38,5.82,3.71,-8.84,2.40
26524,7.65,-3.34,6.14,3.64,-8.92,3.09
26549,7.56,-3.37,5.64,3.80,-8.79,2.79
26599,7.59,-3.39,6.15,3.80,-8.77,2.45
26625,7.51,-3.53,5.98,3.80,-8.91,2.58
26675,7.60,-3.36,6.23,3.91,-8.95,2.85
26698,7.59,-3.48,5.95,3.87,-8.85,2.88
26749,7.61,-3.45,6.16,3.80,-8.94,2.46
26774,7.64,-3.45,5.78,3.65,-8.91,2.78
26824,7.56,-3.42,5.70,3.66,-8.88,2.76
26849,7.51,-3.41,5.81,3.77,-8.90,2.61
26874,7.53,-3.41,6.09,3.84,-8.84,2.61
26925,7.54,-3.41,5.67,3.76,-8.89,2.56
26949,7.60,-3.36,5.81,3.84,-8.83,2.56
26999,7.65,-3.36,6.04,3.75,-8.82,2.77
27024,7.61,-3.43,6.08,3.74,-8.87,2.70
27074,7.60,-3.33,6.03,3.73,-8.89,2.75
27099,7.58,-3.34,5.69,3.80,-8.88,2.61
27150,7.48,-3.36,6.10,3.71,-8.84,3.03
27174,7.60,-3.42,6.18,3.59,-8.88,3.01
27225,7.57,-3.45,6.09,3.58,-8.78,2.62
27249,7.56,-3.30,6.18,3.69,-8.84,2.56
27299,7.60,-3.43,5.91,3.88,-8.84,2.58
27324,7.65,-3.34,5.83,3.62,-8.81,2.72
27350,7.55,-3.49,6.18,3.63,-8.84,2.61
27400,7.63,-3.34,5.92,3.63,-8.77,2.42
27423,7.61,-3.44,5.92,3.81,-8.84,2.89
27474,7.51,-3.36,5.70,3.60,-8.83,2.68
27499,7.59,-3.37,6.02,3.65,-8.78,2.79
27549,7.62,-3.43,6.12,3.86,-8.86,2.82
27574,7.50,-3.44,5.86,3.71,-8.90,2.90
27625,7.50,-3.44,6.24,3.65,-8.76,2.69
27650,7.61,-3.41,5.99,3.65,-8.80,2.36
27700,7.58,-3.42,5.85,3.82,-9.00,2.78
27724,7.56,-3.41,6.07,3.64,-8.89,3.11
27749,7.49,-3.38,6.06,3.65,-8.77,2.79
27799,7.61,-3.46,5.87,3.85,-8.91,2.64
27824,7.62,-3.44,6.16,3.80,-8.90,2.50
27875,7.47,-3.36,6.01,3.73,-8.80,3.08
27899,7.69,-3.47,6.12,3.79,-8.86,2.81
27950,7.72,-3.39,5.93,3.71,-8.85,3.21
27974,7.58,-3.47,6.08,3.62,-8.82,2.52
28024,7.56,-3.42,5.93,3.86,-8.85,2.63
28049,7.66,-3.39,6.11,3.84,-8.86,2.81
28099,7.59,-3.36,5.91,3.64,-8.84,2.88
28125,7.45,-3.44,6.12,3.80,-8.80,2.58
28149,7.66,-3.43,5.95,3.76,-8.96,2.73
28199,7.73,-3.40,5.99,3.82,-8.89,2.82
28224,7.53,-3.33,5.97,3.47,-8.85,2.85
28274,7.62,-3.41,6.01,3.66,-8.82,2.50
28299,7.55,-3.43,6.06,3.75,-8.86,2.83
28349,7.66,-3.44,5.99,3.82,-8.79,2.71
28375,7.56,-3.48,5.93,3.74,-8.85,2.76
28425,7.70,-3.37,5.99,3.67,-8.86,2.77
28449,7.67,-3.51,5.90,3.52,-8.88,2.63
28499,7.55,-3.45,5.97,3.69,-8.98,2.76
28524,7.63,-3.39,6.06,3.73,-8.88,2.83
28549,7.61,-3.45,5.91,3.77,-8.90,2.66
28600,7.66,-3.30,5.98,3.67,-8.76,2.76
28624,7.57,-3.44,6.05,3.75,-8.94,2.55
28675,7.58,-3.36,6.02,3.72,-8.87,2.54
28699,7.55,-3.44,5.94,3.72,-8.93,2.75
28749,7.70,-3.35,5.75,3.63,-8.76,2.77
28774,7.51,-3.37,6.06,3.79,-8.85,2.89
28824,7.51,-3.48,5.97,3.95,-8.88,2.60
28850,7.69,-3.38,6.11,3.69,-8.86,2.96
28900,7.56,-3.36,6.31,3.74,-8.97,2.89
28924,7.63,-3.42,6.04,3.75,-8.94,2.68
28950,7.47,-3.36,5.91,3.70,-8.91,2.94
28999,7.66,-3.44,5.93,3.57,-8.88,2.87
29024,7.60,-3.42,6.14,3.85,-8.84,2.78
29074,7.57,-3.42,5.91,3.52,-8.89,2.85
29100,7.64,-3.40,5.79,3.74,-8.88,2.49
29150,7.64,-3.42,5.97,3.78,-8.83,2.59
29174,7.62,-3.35,5.85,3.63,-8.82,2.47
29224,7.57,-3.30,5.89,3.74,-8.87,2.88
29249,7.61,-3.37,5.98,3.74,-8.77,2.91
29299,7.67,-3.45,5.92,3.88,-8.84,2.84
29324,7.60,-3.44,6.07,3.73,-8.92,2.72
29350,7.57,-3.36,5.74,3.71,-8.83,2.69
29400,7.49,-3.43,5.98,3.71,-8.84,2.80
29424,7.60,-3.44,5.82,3.76,-8.95,2.91
29474,7.51,-3.43,5.71,3.72,-8.88,2.43
29499,7.55,-3.36,5.87,3.78,-8.96,2.77
29549,7.55,-3.37,6.03,3.74,-8.82,2.90
29574,7.53,-3.42,6.16,3.74,-8.89,2.79
29625,7.58,-3.36,5.79,3.77,-8.92,2.50
29649,7.65,-3.43,5.88,3.80,-8.83,2.52
29700,7.56,-3.50,6.00,3.79,-8.80,3.01
29724,7.62,-3.35,6.13,3.72,-8.87,2.64
29774,7.73,-3.43,6.01,3.89,-8.93,2.98
29799,7.51,-3.38,5.87,3.75,-8.81,3.04
29824,7.69,-3.48,6.20,3.66,-8.94,2.99
29875,7.60,-3.34,5.99,3.77,-8.89,3.05
29899,7.61,-3.40,5.96,3.79,-8.90,2.87
29949,7.55,-3.53,5.90,3.71,-8.86,2.69
29974,7.62,-3.44,5.90,3.64,-8.81,2.66
30024,7.49,-3.39,5.91,3.78,-8.91,2.94
30049,7.65,-3.32,5.95,3.62,-8.83,2.88
30100,7.72,-3.46,6.06,3.75,-8.87,2.57
30125,7.64,-3.40,6.05,3.67,-8.82,2.78
30174,7.64,-3.37,5.83,3.61,-8.98,3.01
30199,7.53,-3.38,5.91,3.74,-8.86,2.95
30224,7.54,-3.38,6.17,3.80,-8.83,2.54
30274,7.63,-3.30,6.19,3.69,-8.83,2.83
30299,7.51,-3.49,6.12,3.66,-8.88,3.08
30350,7.56,-3.35,5.57,3.79,-8.84,2.66
30374,7.58,-3.44,6.16,3.99,-8.88,2.56
30425,7.59,-3.37,6.00,3.67,-8.83,2.80
30449,7.55,-3.35,6.15,3.67,-8.92,3.01
30499,7.61,-3.37,6.23,3.68,-8.83,2.81
30524,7.60,-3.41,5.96,3.74,-8.89,2.95
30573,7.70,-3.34,6.01,3.63,-8.84,2.32
30600,7.54,-3.47,6.12,3.69,-8.85,2.95
30624,7.55,-3.38,5.93,3.73,-8.94,2.66
30674,7.54,-3.46,5.66,3.71,-8.95,2.75
30699,7.68,-3.50,5.93,3.60,-8.83,3.03
30749,7.62,-3.47,6.21,3.71,-8.88,2.77
30774,7.63,-3.35,5.83,3.87,-8.86,2.99
30824,7.73,-3.40,6.20,3.62,-8.77,2.85
30850,7.61,-3.30,6.07,3.61,-8.87,2.79
30900,7.59,-3.42,6.17,3.83,-8.90,2.53
30924,7.54,-3.46,5.89,3.65,-8.93,3.00
30973,7.67,-3.41,5.69,3.73,-8.85,2.51
30999,7.55,-3.41,5.80,3.80,-8.89,3.02
31048,7.62,-3.41,5.88,3.80,-8.87,2.99
31075,7.52,-3.42,5.95,3.88,-8.88,2.66
31099,7.58,-3.39,5.83,3.80,-8.85,2.70
31150,7.71,-3.45,6.10,3.66,-8.90,2.80
31174,7.62,-3.31,5.98,3.75,-8.82,2.68
31224,7.55,-3.49,5.95,3.65,-8.96,3.20
31249,7.58,-3.35,5.90,3.66,-8.77,2.62
31299,7.58,-3.37,6.05,3.80,-8.85,2.64
31325,7.57,-3.36,6.11,3.70,-8.91,2.24
31374,7.61,-3.42,6.06,3.62,-8.91,2.76
31399,7.54,-3.34,5.93,3.82,-8.83,2.59
31449,7.55,-3.42,5.76,3.64,-8.88,3.10
31474,7.61,-3.50,6.10,3.59,-8.76,2.57
31499,7.59,-3.45,6.10,3.86,-8.81,2.34
31549,7.64,-3.37,6.14,3.77,-8.74,2.89
31575,11.40,-3.05,7.75,3.55,-8.81,2.59
31625,8.98,-3.64,5.91,3.88,-8.59,2.93
31649,8.11,-4.74,6.67,3.90,-8.84,3.00
31699,9.96,-2.96,6.00,3.60,-10.31,3.49
31724,8.69,-1.70,5.83,4.03,-9.08,2.32
31773,3.42,-4.04,3.99,4.04,-8.71,2.52
31799,16.36,-4.75,11.89,3.57,-9.02,2.53
31849,4.07,-3.34,4.60,3.39,-9.29,2.57
31875,6.70,-2.90,5.04,3.97,-8.74,2.88
31899,9.07,-3.59,7.35,3.73,-8.78,2.64
31949,7.84,-3.18,6.08,3.49,-9.03,2.60
31974,7.09,-3.12,5.75,3.66,-8.88,2.65
32024,7.38,-3.13,5.81,3.77,-8.74,2.58
32049,8.54,-3.19,6.36,3.81,-8.87,2.63
32100,7.53,-3.19,6.08,3.66,-8.80,2.72
32124,7.44,-3.08,5.77,3.99,-8.75,2.37
32174,7.69,-3.46,6.01,3.84,-8.91,2.68
32199,7.85,-4.27,6.87,3.94,-8.83,2.70
32248,8.53,-3.09,5.64,3.70,-8.82,2.59
32274,9.00,-3.47,5.12,3.80,-8.79,2.62
32299,7.07,-4.21,5.98,3.80,-8.88,2.81
32350,7.91,-4.24,5.99,3.78,-8.88,3.04
32374,7.15,-2.32,4.66,3.77,-8.88,2.75
32424,3.54,-4.90,3.76,3.68,-8.90,2.71
32449,3.02,-2.74,5.37,3.64,-8.91,2.99
32498,-0.78,4.31,5.40,3.70,-8.86,2.75
32524,1.17,2.84,1.96,3.84,-8.94,2.11
32574,2.54,-1.87,-1.26,4.67,-8.24,2.71
32600,9.65,-0.13,3.15,3.42,-9.34,2.74
32649,8.18,-5.21,8.13,3.59,-8.93,2.90
32674,5.04,-1.44,2.68,3.96,-8.84,3.23
32699,3.72,-4.77,7.15,3.87,-8.66,2.94
32749,6.52,-4.44,6.88,3.75,-8.96,2.90
32774,6.72,-4.46,7.30,3.60,-8.86,2.91
32825,7.01,-3.77,6.60,3.73,-8.96,2.84
32849,5.87,-3.77,6.05,3.77,-8.83,2.60
32899,6.88,-3.84,5.93,3.76,-8.80,2.81
32924,6.67,-4.28,6.34,3.75,-8.88,2.79
32973,7.05,-3.84,6.15,3.84,-8.83,2.53
32999,6.92,-4.14,6.62,4.03,-8.77,2.76
33048,7.63,-4.02,7.81,3.77,-8.86,2.62
33075,7.03,-5.02,5.61,3.93,-8.70,3.11
33099,7.24,-5.10,5.81,3.73,-8.83,2.63
33149,8.88,-4.87,5.57,3.85,-8.78,2.66
33174,7.29,-3.75,5.35,3.78,-8.83,2.67
33224,3.83,-4.73,3.55,3.83,-8.89,2.95
33249,-0.04,-3.13,2.83,3.94,-8.83,2.89
33298,-0.58,8.98,5.69,3.89,-8.94,2.94
33325,-1.45,-4.10,3.44,4.31,-8.54,1.88
33374,-2.01,2.59,0.00,4.39,-8.13,3.12
33399,5.29,-3.98,2.42,3.73,-8.90,2.58
33448,4.98,-1.74,4.44,4.03,-8.61,2.72
33474,4.51,0.56,3.35,3.69,-8.83,2.66
33523,9.22,-5.98,8.69,3.56,-9.19,2.40
33549,8.70,-5.47,8.33,3.78,-8.76,2.95
33574,6.25,-3.18,5.93,3.77,-8.78,2.86
33625,6.31,-3.23,5.93,3.80,-8.94,2.79
33649,6.49,-3.74,6.29,3.74,-8.97,2.82
33698,7.12,-4.13,6.72,3.77,-8.95,2.92
33724,6.81,-4.91,6.57,3.72,-8.90,2.62
33773,5.94,-2.34,9.86,4.00,-8.75,2.71
33800,7.24,-6.34,8.15,3.58,-8.93,2.98
33849,7.17,-3.24,5.69,3.46,-9.08,2.96
33874,7.99,-3.89,5.28,3.75,-8.90,2.81
33924,6.13,-3.95,6.18,3.77,-8.69,2.60
33949,6.98,-6.10,4.76,3.76,-8.82,2.56
33974,5.13,-5.47,3.42,3.82,-8.81,2.64
34024,7.63,-5.33,4.32,3.94,-8.85,2.62
34050,6.37,-4.63,4.42,3.64,-8.73,2.39
34099,6.99,-4.70,4.53,3.94,-8.82,2.54
34124,1.23,3.12,-0.71,3.82,-8.77,2.74
34173,-2.85,5.88,2.43,3.69,-8.97,2.97
34199,-9.53,-7.71,7.69,4.50,-8.24,2.76
34248,3.08,-0.99,-1.67,3.65,-8.69,2.68
34274,18.21,-15.91,17.27,3.22,-9.09,2.49
34324,-1.19,1.87,1.50,3.96,-8.86,2.96
34350,16.50,-9.27,14.07,3.93,-8.76,2.75
34374,3.43,-1.76,2.58,3.76,-8.73,2.82
34424,6.71,-4.86,7.05,3.83,-8.86,2.53
34449,7.95,-4.75,7.36,3.84,-8.84,2.51
34498,6.30,-3.78,6.34,3.93,-8.69,2.83
34524,6.67,-3.24,5.71,3.73,-8.88,2.79
34574,6.49,-4.03,6.36,3.90,-8.85,3.02
34599,6.96,-3.99,6.36,3.81,-8.89,2.96
34649,7.47,-3.56,6.16,3.76,-8.79,2.75
34674,7.92,-3.51,9.26,3.93,-8.74,2.62
34723,5.39,-6.28,7.09,3.85,-8.78,2.79
34749,6.80,-4.93,5.99,3.67,-8.82,2.55
34774,0.28,-0.94,-3.26,3.97,-8.73,2.87
34824,2.00,4.97,13.16,3.73,-8.98,2.39
34849,4.87,-9.22,6.34,3.70,-8.92,2.87
34898,9.06,-3.88,6.54,3.93,-8.91,2.55
34924,6.08,-4.45,6.99,3.83,-8.80,2.91
34973,6.56,-3.90,6.45,3.52,-9.01,2.73
34999,6.12,-4.28,6.89,3.88,-8.86,2.58
35049,6.55,-3.93,6.53,3.97,-8.74,2.87
35075,6.46,-4.23,6.66,3.90,-8.88,2.72
35124,6.54,-4.12,6.61,3.85,-8.88,2.49
35149,6.44,-4.21,7.01,3.90,-8.82,2.57
35174,6.58,-1.64,7.51,3.90,-8.75,2.62
35223,7.38,-4.30,6.60,3.87,-8.93,2.97
35249,6.05,-4.94,6.16,3.78,-8.78,2.78
35299,6.86,-4.42,7.69,3.85,-8.77,3.06
35324,7.25,-4.65,7.38,3.77,-8.92,2.51
35375,1.66,-4.60,7.39,3.79,-8.87,2.88
35399,4.21,-3.10,5.21,3.73,-8.79,2.79
35448,0.29,-0.84,-3.91,3.89,-8.63,3.09
35474,4.82,-5.09,7.22,3.54,-8.88,2.76
35523,5.81,-4.19,6.89,3.77,-8.88,2.69
35550,5.85,-4.18,7.07,4.08,-8.61,2.65
35574,5.68,-4.45,7.03,3.72,-8.87,2.87
35623,6.01,-4.18,6.92,3.61,-8.89,3.08
35774,5.69,-4.22,7.09,3.86,-8.93,2.50
35799,5.77,-4.42,7.19,3.84,-8.79,2.72
35899,7.57,-6.31,5.26,3.95,-8.79,2.77
35924,6.71,-6.33,6.65,3.74,-8.89,2.54
35949,5.25,-5.13,7.37,3.98,-8.79,2.79
35999,5.43,-4.78,7.90,3.93,-8.83,2.85
36024,8.59,-4.71,8.82,3.88,-8.94,2.92
36049,5.71,-4.82,6.18,3.42,-8.73,3.08
36100,5.07,-4.29,5.76,3.79,-8.73,2.70
36125,5.24,-3.89,5.68,3.92,-8.83,2.72
36174,6.62,-4.49,5.63,3.91,-8.84,2.74
36199,5.94,-4.02,5.42,3.78,-8.77,2.94
36249,6.73,-3.84,6.25,3.59,-8.82,2.78
36274,5.98,-4.73,6.35,3.76,-8.82,2.98
36325,6.53,-5.19,6.09,3.71,-8.78,2.93
36349,6.44,-4.92,6.42,3.74,-8.79,2.70
36400,6.55,-5.14,6.35,3.88,-8.93,2.74
36424,6.52,-4.83,6.28,3.67,-8.87,3.00
36474,6.38,-5.13,6.26,3.80,-8.88,2.51
36499,6.47,-4.76,6.11,3.71,-8.85,2.74
36524,6.55,-4.79,6.23,3.83,-8.80,2.85
36575,6.82,-4.83,6.24,3.84,-8.76,2.93
36599,6.22,-5.51,6.02,3.90,-8.88,2.70
36649,6.63,-4.35,6.20,3.54,-8.81,2.79
36674,5.88,-4.67,5.22,3.78,-8.78,2.62
36724,6.76,-5.42,5.86,3.77,-8.78,2.65
36749,6.45,-4.51,5.96,3.80,-8.79,2.46
36800,7.12,-4.89,6.33,3.63,-8.80,2.92
36825,7.30,-4.68,6.39,3.92,-8.83,2.72
36875,6.49,-4.94,6.43,3.88,-8.85,2.66
36899,6.49,-5.00,5.98,3.80,-8.79,2.28
36924,7.37,-4.52,5.63,3.65,-8.80,3.09
36974,7.39,-5.07,5.55,3.86,-8.83,2.96
36999,6.18,-4.92,5.58,3.75,-8.84,2.35
37050,6.88,-4.67,6.01,3.78,-8.91,2.84
37074,8.60,-4.55,4.65,3.77,-8.91,2.90
37125,5.79,-5.03,5.43,3.84,-8.88,2.98
37149,6.68,-4.29,5.78,3.74,-8.86,2.97
37199,8.08,-4.09,5.70,3.77,-8.86,2.58
37224,7.07,-4.19,5.89,3.67,-8.73,2.69
37274,7.01,-4.21,5.24,3.65,-8.93,2.89
37299,7.98,-4.25,5.09,3.71,-8.87,2.59
37324,5.80,-5.31,5.63,3.72,-8.74,2.95
37374,8.27,-4.28,5.15,3.64,-8.89,2.90
37399,7.61,-4.27,5.44,3.80,-8.87,2.72
37449,7.36,-4.39,5.77,3.71,-8.77,2.61
37474,7.27,-4.58,5.25,3.78,-8.88,2.71
37524,7.99,-4.20,4.87,3.77,-8.82,2.79
37549,7.79,-4.25,4.82,3.78,-8.79,2.96
37600,7.26,-4.65,5.39,3.80,-8.84,2.70
37624,7.86,-4.44,5.25,3.79,-8.88,3.04
37675,6.99,-4.60,5.28,3.85,-8.86,2.79
37699,7.68,-4.17,5.02,3.82,-8.85,2.60
37748,7.58,-4.27,5.23,3.71,-8.78,2.76
37774,8.35,-4.26,5.35,3.65,-8.93,2.67
37799,7.73,-4.13,5.22,3.86,-8.87,3.01
37850,8.00,-4.15,5.23,3.81,-8.88,2.52
37874,8.34,-4.27,4.98,3.68,-8.89,2.78
37924,7.80,-3.92,4.97,3.78,-8.91,2.55
37949,7.72,-4.42,4.30,3.77,-8.81,2.82
37999,8.30,-4.38,4.76,3.76,-8.84,2.60
38024,6.08,-6.24,-9.05,3.59,-8.93,2.97
38075,-3.00,9.23,10.75,3.88,-8.94,2.46
38099,-10.00,-0.52,17.40,2.96,-8.10,4.74
38149,0.77,-9.93,-2.92,3.89,-8.70,3.33
38174,19.67,1.88,15.56,3.12,-9.28,3.01
38199,0.16,-2.10,5.46,3.69,-8.91,3.05
38249,4.73,-2.28,3.62,3.55,-9.10,2.89
38275,11.08,-5.01,9.76,4.26,-8.50,2.70
38325,8.62,-3.11,6.31,3.52,-9.00,3.09
38349,7.06,-3.41,6.39,3.69,-8.87,2.99
38400,7.14,-3.24,6.06,3.88,-8.83,2.99
38424,7.51,-3.09,6.19,3.57,-8.80,2.81
38474,7.44,-3.10,6.20,3.74,-8.71,2.91
38499,7.67,-3.42,6.29,3.94,-8.91,2.73
38549,7.48,-3.16,6.32,3.76,-8.89,2.94
38575,7.57,-3.29,6.18,3.82,-8.81,2.46
38599,7.53,-3.30,6.06,3.84,-8.88,2.81
38649,7.31,-3.14,6.01,3.90,-8.83,2.76
38674,7.38,-3.26,6.50,3.62,-8.77,2.58
38724,7.42,-3.18,6.51,3.72,-8.85,2.74
38749,7.57,-3.33,6.34,3.80,-8.86,2.63
38800,7.55,-3.13,6.10,3.74,-8.92,2.68
38824,7.49,-3.30,6.07,3.86,-8.78,2.88
38874,7.50,-3.23,5.93,3.86,-8.81,2.77
38899,7.51,-3.14,6.18,3.63,-8.86,2.72
38948,7.34,-3.23,6.18,3.73,-8.83,2.73
38974,7.51,-3.27,6.51,3.77,-8.87,2.77
38999,7.53,-3.19,6.35,3.83,-8.83,2.60
39050,7.41,-3.19,6.17,3.83,-8.85,2.72
39074,7.35,-3.20,6.02,3.68,-8.78,2.41
39124,7.52,-3.19,6.34,3.91,-8.84,2.63
39149,7.57,-3.26,6.15,3.90,-8.95,2.78
39199,7.52,-3.20,5.88,3.82,-8.90,2.66
39224,7.51,-3.16,6.17,3.67,-8.85,2.72
39273,7.53,-3.25,6.19,3.69,-8.78,2.34
39300,7.47,-3.23,5.90,3.80,-8.85,2.57
39349,7.49,-3.25,6.06,3.83,-8.81,3.14
39374,7.46,-3.27,6.44,3.68,-8.91,3.03
39399,7.42,-3.31,6.06,2.98,-9.58,3.03
39449,7.53,-3.20,6.39,5.40,-10.70,2.97
39474,7.54,-3.05,6.01,2.55,-9.09,3.04
39525,7.50,-3.23,6.16,3.42,-7.38,2.76
39549,7.52,-3.25,6.37,3.38,-10.00,2.39
39600,7.44,-3.31,6.12,5.28,-9.58,2.46
39624,7.54,-2.98,6.11,3.01,-9.16,1.71
39673,7.55,-3.18,6.14,4.47,-8.24,1.87
39699,7.40,-3.25,6.30,4.38,-8.90,1.84
39748,7.56,-3.16,6.21,4.34,-9.32,1.34
39775,7.51,-3.16,6.31,2.76,-10.25,1.07
39799,7.54,-3.20,6.22,4.53,-7.23,1.04
39849,7.57,-3.33,5.89,4.23,-7.68,1.32
39874,7.54,-3.22,6.28,3.57,-8.27,1.05
39924,7.30,-3.25,6.31,4.07,-7.01,1.17
39949,7.52,-3.08,6.15,4.87,-9.22,1.59
39999,7.60,-3.23,6.38,2.73,-11.45,0.59
40025,7.41,-3.33,6.09,4.48,-8.61,2.33
40074,7.50,-3.27,5.95,3.32,-9.42,2.42
40099,7.61,-3.20,6.37,3.62,-7.60,2.03
40148,7.45,-3.29,6.07,4.12,-10.22,2.90
40174,7.51,-3.10,6.25,3.10,-10.47,2.86
40223,7.43,-3.24,6.14,3.90,-8.67,3.73
40249,7.37,-3.19,5.95,3.50,-9.98,2.89
40274,7.39,-3.30,6.19,3.66,-10.23,2.55
40325,7.63,-3.28,6.39,3.01,-10.03,2.97
40349,7.46,-3.23,6.11,3.00,-7.14,2.50
40399,7.48,-3.34,6.14,5.12,-6.35,1.77
40424,7.47,-3.25,6.27,3.83,-10.03,1.42
40473,7.53,-3.20,5.89,3.80,-8.98,2.35
40499,7.70,-3.14,6.10,4.41,-5.97,2.44
40549,7.55,-3.27,6.26,3.79,-11.93,2.56
40574,7.56,-3.25,6.43,2.89,-11.82,2.02
40624,7.60,-3.29,6.24,3.76,-8.07,2.86
40649,7.48,-3.27,6.05,3.81,-6.92,2.02
40674,7.40,-3.07,5.90,4.05,-8.91,2.30
40724,7.49,-3.19,6.16,3.12,-11.83,2.57
40750,7.49,-3.26,5.93,3.28,-4.98,1.09
40800,7.50,-3.01,5.99,4.60,-7.86,3.32
40824,7.47,-3.28,6.01,1.85,-17.66,2.28
40873,7.51,-3.19,5.95,2.50,-12.90,7.94
40899,7.33,-3.21,6.28,3.75,4.95,-0.66
40948,7.66,-2.95,6.28,7.53,-5.40,2.41
40974,7.50,-3.30,6.35,2.29,-12.69,2.81
41024,7.50,-3.24,6.13,2.74,-8.92,2.57
41050,7.44,-3.22,6.26,3.77,-10.82,2.46
41074,7.44,-3.16,5.94,3.73,-10.86,2.77
41124,7.43,-3.11,6.05,3.28,-7.59,2.89
41149,7.46,-3.25,6.16,3.81,-8.11,2.38
41198,7.50,-3.19,6.26,3.23,-10.14,2.78
41224,7.69,-3.17,6.07,3.65,-9.85,2.51
41274,7.56,-3.27,6.35,3.95,-6.82,0.66
41299,7.44,-3.27,6.26,3.96,-7.48,2.47
41349,7.73,-3.20,5.93,4.60,-8.33,2.87
41374,7.48,-3.10,6.29,2.70,-10.61,3.54
41423,7.45,-3.23,6.17,3.13,-11.44,3.15
41449,7.51,-3.24,6.14,3.80,-7.08,3.04
41474,7.57,-3.26,6.51,3.72,-7.68,3.47
41525,7.58,-3.18,6.19,3.34,-10.08,3.11
41549,7.43,-3.11,5.97,3.73,-8.53,1.15
41598,7.52,-3.30,6.11,4.16,-7.86,3.22
41624,7.51,-3.19,6.15,3.19,-8.63,3.32
41673,7.58,-3.28,6.39,3.94,-8.81,3.18
41699,7.59,-3.19,6.23,2.80,-7.98,3.24
41748,7.53,-3.21,6.09,2.36,-8.10,2.48
41775,7.46,-3.22,6.25,3.86,-8.59,3.25
41824,7.41,-3.22,6.23,4.31,-8.99,3.19
41849,7.57,-3.12,6.05,3.88,-8.43,2.91
41874,7.45,-3.16,6.09,3.80,-8.76,2.78
41924,7.55,-3.18,6.30,3.94,-8.48,2.90
41949,7.42,-3.17,6.07,3.59,-8.77,2.85
41998,7.50,-3.23,6.26,3.58,-8.88,3.25
42024,7.64,-3.22,6.01,3.60,-8.78,2.77
42074,7.74,-2.82,6.09,4.91,-11.88,5.07
42099,7.41,-3.18,6.14,2.12,-7.34,3.29
42148,7.42,-3.43,6.04,2.53,-2.29,0.81
42174,7.47,-3.23,5.97,-2.27,-11.24,1.83
42223,7.46,-3.33,6.56,4.63,-8.43,3.19
42250,7.58,-3.20,6.07,3.82,-8.58,3.03
42274,7.41,-3.15,6.00,3.59,-8.74,3.03
42324,7.53,-3.28,6.29,3.42,-8.85,2.67
42349,7.50,-3.19,5.99,3.75,-8.69,2.92
42398,7.66,-2.81,6.03,3.06,-18.83,6.33
42424,6.73,-3.69,6.83,1.96,2.65,3.30
42473,7.83,-2.92,5.73,5.24,-6.86,2.46
42500,7.32,-3.38,6.34,-1.94,-10.59,3.98
42549,7.86,-2.86,5.83,3.78,-8.81,2.40
42574,7.60,-3.17,6.33,3.83,-8.73,2.99
42624,7.38,-3.18,5.95,3.26,-9.07,2.89
42649,7.51,-3.15,6.23,3.61,-8.88,2.81
42698,7.56,-3.28,6.27,3.83,-8.67,3.09
42724,7.82,-2.86,6.08,-0.77,-19.47,9.63
42749,6.85,-4.03,6.87,-1.36,5.02,1.10
42799,8.06,-2.64,5.42,-0.14,1.49,-1.07
42824,6.97,-3.49,6.75,5.51,-4.16,3.64
42873,7.83,-3.12,6.02,0.71,-10.85,3.37
42899,7.24,-3.59,6.58,4.02,-8.23,3.03
42948,7.79,-2.96,5.77,2.75,-9.36,2.75
42974,7.40,-3.32,6.36,2.55,-9.66,3.05
43024,7.50,-3.20,6.24,3.30,-8.92,3.06
43049,7.59,-3.11,6.35,3.14,-8.94,2.86
43099,7.50,-3.22,6.46,2.93,-9.08,2.82
43124,7.50,-3.24,6.05,2.83,-9.15,2.76
43149,7.55,-3.25,6.32,2.97,-9.14,3.05
43198,7.56,-3.17,6.18,3.09,-9.04,2.63
43225,7.46,-3.14,6.38,2.90,-9.13,2.69
43274,7.59,-3.16,6.37,3.02,-9.18,3.05
43299,7.47,-3.23,6.10,2.92,-9.04,2.88
43348,7.46,-3.14,5.97,2.87,-9.09,2.56
43373,7.44,-3.30,6.27,2.92,-9.04,3.05
43423,7.59,-3.23,6.31,3.19,-9.14,2.82
43449,7.36,-3.22,6.30,3.02,-9.14,2.77
43499,7.55,-3.11,5.94,2.79,-9.17,3.04
43524,7.33,-3.18,6.13,2.99,-9.11,3.12
43549,7.54,-3.20,6.26,3.01,-9.08,2.99
43598,7.44,-3.31,6.11,3.01,-9.11,2.79
43624,7.52,-3.22,6.42,3.10,-9.09,2.90
43673,7.41,-3.12,6.09,3.00,-9.16,2.57
43699,7.47,-3.18,6.21,3.01,-9.13,3.07
43749,7.46,-3.12,5.97,3.01,-9.16,2.97
43774,7.40,-3.24,6.29,3.04,-9.12,2.82
43824,7.49,-3.24,6.40,3.09,-9.21,2.76
43849,7.45,-3.21,6.25,2.99,-9.09,3.00
43899,7.45,-3.24,6.08,2.99,-9.14,2.88
43924,7.50,-3.15,6.00,2.89,-9.06,2.55
43949,7.57,-3.22,6.09,2.88,-9.07,2.42
43999,7.60,-3.29,6.30,3.08,-9.10,3.01
44024,5.33,-2.77,6.00,2.80,-9.05,3.03
44073,7.28,-3.21,5.80,2.96,-9.19,2.69
44099,7.67,-2.67,6.29,3.05,-9.04,2.73
44148,7.60,-3.32,6.35,2.98,-9.15,2.62
44174,7.36,-2.98,6.10,2.79,-9.22,3.03
44223,7.50,-3.22,6.45,2.99,-9.06,2.92
44250,7.49,-2.98,6.27,3.10,-9.15,2.89
44300,7.79,-3.13,6.16,2.79,-9.12,2.60
44323,7.62,-2.87,6.07,2.97,-9.24,2.95
44349,6.48,-1.84,6.10,2.87,-8.99,2.78
44398,7.68,-2.45,6.84,2.96,-9.04,2.92
44424,8.02,-1.94,6.59,2.98,-9.21,3.04
44473,8.44,-2.58,5.39,3.10,-9.11,2.78
44499,8.34,-2.28,5.82,2.84,-9.09,2.83
44549,7.97,-2.80,6.30,2.94,-9.16,2.78
44574,9.58,-3.94,6.20,2.91,-9.15,3.04
44624,8.62,-1.80,5.14,2.90,-9.12,2.62
44649,17.20,-4.24,6.62,2.84,-9.26,2.45
44699,2.79,-5.24,1.99,2.83,-9.13,3.07
44724,7.59,-3.11,4.74,3.43,-8.92,2.79
44749,8.80,-2.98,7.43,3.22,-8.98,2.76
44798,8.89,-2.23,5.12,2.63,-9.40,2.77
44824,6.50,-2.30,4.02,3.08,-9.10,2.94
44873,6.79,0.01,6.53,3.15,-9.08,2.87
44899,2.69,-2.87,4.18,3.00,-9.10,2.73
44949,13.26,-2.56,8.30,3.14,-9.05,2.97
44975,4.70,-3.27,5.55,3.05,-9.15,3.01
45025,7.33,-2.44,5.33,2.90,-9.12,2.66
45049,8.23,-2.97,6.88,3.00,-9.07,2.74
45100,8.10,-2.69,6.14,2.92,-9.24,2.81
45123,7.89,-2.83,6.32,2.94,-9.17,2.91
45174,7.69,-2.75,6.15,3.08,-9.20,2.56
45198,7.40,-2.84,5.71,3.02,-9.13,2.96
45224,9.63,-2.88,7.72,2.99,-9.11,2.67
45274,8.27,-2.85,6.51,2.78,-9.20,2.83
45299,7.82,-2.85,6.18,2.99,-9.13,2.91
45349,7.56,-2.59,6.14,2.99,-9.06,2.75
45374,7.49,-2.60,6.19,2.95,-9.15,2.57
45424,8.05,-2.82,6.26,2.85,-9.17,2.95
45449,8.31,-2.37,6.62,2.75,-9.11,2.63
45500,7.84,-3.09,6.38,2.98,-9.14,2.43
45524,8.45,-2.66,6.66,2.82,-9.12,2.77
45575,7.89,-1.14,3.78,2.93,-9.06,2.86
45598,9.55,-2.96,6.18,2.96,-9.22,3.11
45624,5.80,-7.30,9.15,2.96,-9.15,2.74
45674,6.56,-1.51,5.64,2.97,-9.18,2.77
45699,6.80,-4.43,5.48,2.84,-9.33,3.15
45750,7.88,-3.73,6.73,3.17,-8.99,2.97
45774,9.03,-5.07,7.17,2.95,-9.11,2.85
45825,6.91,-4.31,4.94,3.02,-9.29,2.61
45848,7.24,-3.63,5.01,3.03,-9.13,2.79
45899,7.15,-3.60,5.37,2.77,-9.16,2.61
45923,7.05,-4.33,5.48,3.12,-9.03,2.70
45975,7.22,-4.55,5.60,2.95,-9.04,2.76
46000,7.44,-4.97,5.14,2.93,-9.12,2.79
46024,7.21,-5.18,5.75,2.85,-9.09,2.66
46074,7.22,-4.92,5.13,2.87,-9.07,2.80
46099,7.44,-5.27,5.03,2.96,-9.11,2.98
46149,7.41,-4.88,4.95,3.14,-9.13,2.74
46174,7.07,-5.09,4.73,3.00,-9.11,2.91
46225,7.55,-5.34,4.98,2.96,-9.11,2.77
46249,7.17,-4.93,4.90,3.00,-9.09,2.79
46300,6.88,-5.60,4.60,2.83,-9.08,2.73
46323,7.34,-5.52,4.78,2.84,-9.15,2.59
46374,7.30,-5.68,4.96,2.91,-9.03,2.90
46399,6.93,-5.12,4.63,3.09,-9.10,2.69
46424,6.27,-4.18,4.65,2.94,-9.16,3.00
46475,-5.39,-0.73,-4.13,3.00,-9.29,2.94
46499,0.05,6.88,8.77,2.88,-9.20,2.82
46550,8.19,2.85,-0.42,2.31,-9.57,3.30
46574,-5.07,1.26,-0.23,3.49,-8.84,2.95
46624,16.68,-6.04,14.29,3.08,-9.05,2.91
46648,4.45,0.19,3.80,2.72,-9.34,2.87
46699,4.10,-10.51,5.41,3.35,-8.87,2.82
46724,10.23,-3.63,5.44,3.31,-8.88,2.94
46775,4.63,-5.27,6.54,2.89,-9.21,2.85
46798,7.98,-2.90,5.07,2.80,-9.32,2.58
46824,7.28,-4.48,6.79,3.07,-8.91,2.88
46874,7.09,-3.36,5.67,3.04,-9.17,2.92
46899,7.56,-3.86,6.03,2.72,-9.17,2.85
46949,7.24,-3.82,5.79,2.98,-9.08,2.81
46974,7.38,-3.72,5.82,2.99,-9.12,2.63
47025,7.22,-3.81,5.94,2.92,-9.19,3.16
47048,7.46,-3.60,6.09,2.96,-9.16,2.83
47099,7.16,-3.73,5.96,3.18,-9.13,2.89
47124,7.34,-3.66,6.05,3.03,-9.17,2.76
47174,7.37,-3.69,6.14,2.91,-9.08,2.94
47200,7.39,-3.68,5.90,2.89,-9.08,2.92
47224,7.33,-3.85,6.28,2.92,-9.15,2.80
47275,7.37,-3.70,6.13,2.91,-9.13,2.48
47299,7.41,-3.85,6.07,2.86,-9.08,2.43
47349,6.99,-3.55,5.75,2.79,-9.03,3.09
47374,7.38,-3.77,6.09,2.93,-9.24,2.88
47424,7.14,-3.63,5.77,2.89,-9.12,2.80
47449,8.27,-3.91,6.70,2.91,-9.09,3.00
47500,7.54,-3.81,6.26,2.92,-9.11,2.79
47524,7.22,-3.68,5.74,3.05,-9.25,2.88
47575,9.91,-4.02,8.72,2.91,-9.11,2.72
47599,4.72,-4.86,6.40,3.23,-9.00,2.94
47649,7.90,-5.76,5.16,2.90,-9.17,2.65
47674,6.74,-2.87,6.93,2.98,-9.22,2.64
47699,12.47,-2.40,10.96,2.82,-9.26,2.93
47750,5.22,-3.02,4.14,2.90,-9.17,2.69
47774,5.93,-5.76,7.46,3.06,-9.00,3.00
47824,7.52,-3.98,6.31,3.10,-8.89,2.74
47849,6.15,-4.38,6.70,3.00,-9.04,2.78
47899,6.94,-3.50,6.04,2.78,-9.22,3.13
47924,6.65,-4.17,6.31,3.07,-9.05,2.83
47975,6.92,-3.98,6.55,3.01,-9.06,2.91
48000,6.68,-4.19,6.47,3.12,-9.24,3.26
48050,6.85,-4.07,6.51,2.81,-9.17,2.64
48074,6.73,-4.05,6.42,2.83,-9.20,2.68
48099,6.74,-4.00,6.37,2.85,-9.08,2.88
48149,6.79,-4.10,6.39,2.98,-9.11,2.92
48174,6.79,-3.99,6.19,2.88,-9.13,2.59
48225,6.85,-3.97,6.45,3.01,-9.25,2.72
48249,6.71,-4.05,6.32,2.86,-9.00,2.79
48300,6.80,-4.06,6.56,2.93,-9.17,2.67
48324,6.86,-4.01,6.71,2.93,-9.14,2.99
48374,6.56,-4.61,6.58,3.05,-9.07,2.62
48398,6.50,-6.06,4.59,3.09,-9.19,3.11
48450,6.67,-4.93,6.46,2.87,-9.06,2.89
48475,7.24,-4.36,7.22,2.83,-9.23,2.57
48499,7.95,-4.47,6.92,2.91,-9.13,2.71
48549,6.43,-4.32,5.51,3.12,-9.16,2.72
48574,6.45,-4.51,5.71,2.87,-9.13,2.89
48624,6.71,-4.09,5.80,2.92,-9.14,2.73
48649,6.79,-3.49,6.10,2.95,-9.10,3.16
48700,8.27,-4.14,5.47,2.83,-9.11,2.80
48724,7.22,-4.58,5.45,2.85,-9.08,2.69
48775,7.29,-4.51,5.05,2.88,-9.18,2.83
48799,6.31,-4.34,4.80,2.95,-9.17,2.65
48849,8.13,-4.11,4.98,2.89,-9.17,2.63
48874,8.07,-4.16,5.18,2.89,-9.02,2.94
48900,8.35,-3.70,5.18,2.90,-9.10,2.69
48950,7.64,-4.04,5.06,3.03,-9.20,2.64
48974,7.61,-3.77,4.56,2.92,-9.06,2.72
49025,8.30,-4.82,5.23,2.81,-9.13,2.68
49049,7.38,-2.82,4.21,2.87,-9.22,2.68
49099,8.53,-4.55,4.54,2.63,-9.11,2.72
49124,8.00,-3.51,4.88,2.83,-9.26,3.22
49174,8.96,-2.82,3.78,2.74,-9.20,2.97
49199,9.59,-4.04,4.75,2.93,-9.20,3.01
49250,8.31,-3.19,4.69,2.83,-9.02,2.84
49274,6.67,-3.79,4.80,2.86,-9.28,2.88
49300,9.23,-3.20,3.84,2.86,-9.14,2.90
49349,4.27,-7.86,-12.43,2.71,-9.10,2.56
49374,-4.48,13.15,14.21,4.16,-9.07,-0.70
49424,9.02,1.65,11.81,3.73,-8.69,2.33
49449,-8.25,-12.67,-7.40,3.34,-8.85,3.16
49500,14.29,13.81,9.45,2.60,-9.46,2.08
49524,2.08,-4.61,0.18,2.89,-9.16,2.77
49574,12.35,-3.37,10.19,3.79,-8.52,3.14
49599,8.31,-2.78,6.52,2.79,-9.21,2.57
49649,5.78,-3.40,4.78,2.58,-9.46,2.85
49674,7.18,-2.68,5.97,3.29,-8.82,2.64
49700,8.68,-2.91,6.16,2.98,-9.09,2.95
49750,7.79,-2.88,6.44,2.88,-9.16,2.77
49774,8.01,-2.97,6.08,2.74,-9.29,2.63
49824,7.71,-2.94,6.30,3.09,-9.12,2.70
49849,7.74,-2.89,6.01,2.95,-9.11,2.96
49899,7.78,-3.21,6.14,2.95,-9.21,2.74
49925,7.71,-2.93,6.23,2.93,-9.12,2.73
49975,7.67,-2.92,6.16,2.93,-9.17,2.74
49999,7.62,-3.07,6.31,2.81,-9.14,2.73
50050,7.48,-2.98,6.34,3.02,-9.22,2.61
50074,7.60,-2.94,6.02,3.14,-9.20,2.85
50124,7.68,-2.97,6.29,2.92,-9.10,2.49
50149,7.65,-3.11,6.29,2.92,-9.10,2.79
50174,7.48,-2.97,6.12,3.01,-9.12,2.90
50225,7.53,-2.90,5.89,3.02,-9.24,2.47
50249,7.62,-3.08,6.17,2.96,-9.14,2.63
50299,7.55,-2.97,6.12,3.01,-9.12,2.76
50324,7.58,-2.98,6.29,3.07,-9.12,2.80
50374,7.70,-3.00,6.22,2.79,-9.10,2.51
50399,7.68,-3.05,6.08,2.94,-9.13,2.80
50450,7.74,-3.03,5.90,2.98,-9.14,2.83
50475,7.67,-2.93,6.24,2.90,-9.12,2.51
50524,7.67,-2.96,6.32,2.98,-9.10,2.77
50549,7.53,-2.96,6.03,2.99,-9.20,2.85
50574,7.56,-3.00,6.06,2.81,-9.10,2.98
50624,7.69,-2.99,6.00,2.97,-9.11,3.10
50649,7.61,-3.05,6.29,2.94,-9.18,3.12
50700,7.60,-3.09,6.01,2.81,-9.16,2.87
50724,7.63,-2.92,5.90,3.01,-9.09,2.69
50775,7.64,-2.92,6.14,2.79,-9.12,2.65
50799,7.65,-2.98,6.09,2.95,-9.11,2.78
50849,7.54,-2.92,5.92,2.80,-9.10,2.59
50874,7.54,-2.87,6.13,3.20,-9.21,2.72
50923,7.60,-3.04,6.20,2.97,-9.19,2.61
50950,7.51,-3.00,6.24,3.08,-9.14,2.38
50974,7.64,-3.00,6.33,3.08,-9.17,2.74
51024,7.63,-3.03,6.21,2.96,-9.19,2.75
51049,7.64,-2.93,6.11,2.95,-9.07,2.89
51099,7.57,-2.96,6.36,3.01,-9.12,2.86
51124,7.67,-3.02,6.16,3.13,-9.19,2.82
51175,7.63,-2.96,6.05,2.96,-9.18,2.87
51200,7.58,-2.99,6.05,2.94,-9.09,2.83
51250,7.65,-2.98,6.24,2.93,-9.09,2.71
51274,7.60,-3.01,6.19,2.83,-9.15,2.81
51323,7.42,-3.04,6.04,2.84,-9.03,2.65
51349,7.64,-3.06,6.37,3.07,-9.08,2.74
51398,7.63,-3.05,6.21,3.02,-9.07,2.68
51425,7.50,-3.03,6.20,2.78,-9.09,2.82
51449,7.56,-2.99,6.27,3.02,-9.10,2.80
51500,7.62,-2.95,6.13,3.06,-9.18,2.71
51524,7.60,-2.99,6.25,2.96,-9.15,3.06
51574,7.49,-2.97,6.32,2.97,-9.15,2.92
51599,7.68,-3.04,5.83,3.02,-9.09,2.69
51649,7.51,-3.00,6.19,2.93,-9.19,2.37
51675,7.78,-2.92,6.11,2.99,-9.08,3.11
51724,7.66,-3.05,6.16,3.13,-9.18,3.00
51749,7.51,-3.00,6.24,2.99,-9.14,2.94
51799,7.66,-2.90,5.96,2.79,-9.11,2.72
51824,7.54,-3.01,6.15,2.82,-9.12,2.77
51849,7.67,-2.88,5.87,3.03,-9.02,2.63
51899,7.68,-3.02,6.18,2.87,-9.09,2.83
51924,7.55,-3.01,6.00,2.92,-9.13,2.95
51975,7.68,-3.00,6.33,2.96,-9.05,3.00
51999,7.68,-2.89,5.85,2.98,-8.98,2.56
52049,7.55,-3.03,6.13,2.88,-9.14,2.55
52074,7.66,-2.98,6.06,2.94,-9.21,2.78
52123,7.66,-3.00,6.13,2.89,-9.15,2.74
52149,7.68,-2.98,6.16,2.98,-9.15,2.84
52199,7.66,-3.00,6.09,3.08,-9.22,2.79
52225,7.64,-3.07,6.39,2.81,-9.07,2.60
52249,7.57,-2.99,6.00,2.85,-9.16,2.79
52299,7.68,-2.97,6.17,3.08,-9.14,2.99
52324,7.62,-2.92,6.13,2.90,-9.04,2.62
52374,7.64,-3.00,5.99,3.11,-9.09,2.84
52400,7.71,-3.01,6.07,2.93,-9.13,2.51
52450,7.56,-2.91,5.92,3.13,-9.14,2.63
52474,7.60,-2.96,6.20,2.98,-9.17,2.57
52524,7.64,-3.06,6.26,2.84,-9.21,2.89
52549,7.64,-3.03,6.14,2.92,-9.01,2.57
52598,7.55,-2.97,6.13,2.98,-9.15,2.50
52624,7.69,-2.90,6.28,2.95,-9.14,2.84
52649,7.52,-2.97,6.43,2.98,-9.13,2.82
52700,7.77,-2.92,6.06,3.01,-9.19,2.96
52724,7.62,-2.87,6.44,2.82,-9.15,2.91
52774,7.75,-3.00,6.09,2.90,-9.21,2.73
52799,7.64,-3.02,6.21,2.81,-9.16,2.73
52848,7.57,-2.99,6.33,2.75,-9.12,2.87
52874,7.66,-3.03,6.14,2.89,-9.08,2.85
52924,7.68,-2.89,5.89,2.98,-9.10,2.86
52950,7.68,-3.07,6.16,2.99,-9.23,2.83
52999,7.62,-2.94,6.12,2.80,-9.21,3.10
53024,7.60,-2.96,6.14,3.05,-9.18,2.64
53049,7.65,-3.02,6.08,2.83,-9.21,3.05
53099,7.65,-3.02,6.27,3.05,-9.14,2.77
53124,7.67,-2.92,6.00,2.94,-9.13,2.83
53175,7.59,-2.95,6.33,3.04,-9.25,2.77
53199,7.55,-2.99,5.90,2.82,-9.13,2.84
53249,7.65,-2.94,6.11,2.96,-9.13,2.83
53274,7.77,-2.97,6.10,2.89,-9.13,2.90
53323,7.62,-3.01,6.23,2.84,-9.12,2.85
53349,7.66,-2.97,6.16,2.94,-9.07,2.77
53398,7.75,-3.04,6.30,3.02,-9.18,2.72
53425,7.67,-2.93,6.05,2.88,-9.16,2.86
53449,7.62,-2.95,6.04,3.02,-9.14,2.75
53499,7.65,-2.93,5.85,2.94,-9.11,3.14
53524,7.65,-3.00,5.94,3.03,-9.14,2.53
53574,7.66,-2.97,5.84,2.97,-9.11,2.67
53599,7.66,-2.92,6.13,2.96,-9.08,2.56
53648,7.65,-2.97,6.02,2.87,-9.14,2.74
53675,7.70,-2.94,6.02,3.03,-9.06,2.60
53724,7.61,-2.88,5.92,3.04,-9.16,2.98
53749,7.65,-3.03,6.15,2.97,-9.13,2.93
53798,7.49,-2.98,6.10,2.95,-9.12,2.89
53824,7.66,-2.93,5.86,2.98,-9.14,2.74
53873,7.71,-2.94,6.40,2.95,-9.04,2.62
53900,7.57,-2.98,6.42,2.97,-9.14,2.99
53924,7.68,-2.98,6.19,2.99,-9.14,2.71
53975,7.67,-2.93,6.21,2.96,-9.16,2.92
53999,7.69,-2.97,5.88,2.86,-9.14,2.82
54048,7.59,-3.05,6.10,2.93,-9.29,2.79
54074,7.62,-3.02,5.91,2.82,-9.11,2.77
54123,7.63,-3.01,6.41,2.97,-9.11,2.44
54150,7.59,-3.03,5.86,3.04,-9.15,2.79
54199,7.64,-3.07,6.02,2.93,-9.10,2.80
54224,7.54,-2.87,5.97,2.93,-9.14,2.65
54274,7.52,-2.94,6.03,2.81,-9.17,2.86
54298,7.57,-2.99,6.05,3.00,-9.15,2.73
54324,7.69,-2.94,5.82,2.94,-9.08,2.81
54374,7.54,-2.97,6.26,2.97,-9.14,2.73
54400,7.53,-2.95,6.21,3.01,-9.20,2.61
54449,7.51,-2.97,6.02,2.98,-9.15,3.08
54474,7.61,-3.03,5.85,3.01,-9.17,2.70
54523,7.65,-2.96,6.01,2.88,-9.19,2.72
54549,7.72,-3.06,6.22,2.98,-9.20,2.92
54598,7.65,-2.92,5.93,2.98,-9.19,2.91
54624,7.47,-2.96,6.02,2.94,-9.15,2.79
54674,7.51,-3.01,5.89,3.03,-9.10,2.57
54700,7.60,-3.04,6.19,3.04,-9.15,2.95
54724,7.62,-3.07,6.28,2.79,-9.07,2.91
54774,7.73,-2.92,6.10,3.05,-9.18,2.78
54799,7.48,-2.95,5.92,3.02,-9.16,2.80
54848,7.67,-2.98,6.06,2.79,-9.11,2.89
54875,7.62,-2.99,6.02,2.95,-9.22,2.84
54924,7.67,-2.95,6.03,2.93,-9.21,2.53
54949,7.57,-2.94,5.78,3.08,-9.15,2.63
54999,7.65,-3.10,6.01,2.95,-9.14,2.65
55024,7.55,-3.02,6.17,2.97,-9.10,2.79
55073,7.61,-2.86,6.14,3.14,-9.11,2.49
55099,7.63,-2.94,6.25,3.01,-9.14,2.34
55124,7.61,-2.98,6.07,2.91,-9.17,2.87
55174,7.64,-2.93,6.29,3.08,-9.13,2.81
55199,7.61,-2.88,6.20,2.93,-9.18,2.60
55248,7.58,-3.00,6.17,2.84,-9.16,2.63
55274,7.69,-2.96,6.06,2.94,-9.17,2.62
55323,7.57,-2.97,6.31,2.84,-9.07,2.73
55349,7.63,-3.03,6.31,2.90,-9.13,2.79
55399,7.62,-2.97,6.13,2.94,-9.08,2.86
55425,7.61,-3.02,6.15,2.90,-9.09,2.66
55474,7.62,-2.94,6.32,3.09,-9.20,2.73
55499,7.66,-3.00,6.17,3.03,-9.04,2.72
55524,7.56,-2.92,6.16,2.81,-9.14,2.80
55573,7.68,-2.91,6.09,2.93,-9.11,2.63
55599,7.71,-2.92,5.97,3.11,-9.09,2.59
55649,7.57,-2.90,6.21,2.99,-9.16,2.49
55674,7.75,-2.96,6.22,2.95,-9.17,2.80
55724,7.63,-3.09,5.90,3.01,-9.07,2.81
55749,7.60,-2.89,5.84,2.88,-9.07,2.79
55798,7.74,-2.96,5.93,2.98,-9.13,2.76
55824,7.69,-2.89,6.29,3.09,-9.17,2.83
55873,7.64,-3.04,6.31,2.98,-9.19,2.53
55900,7.62,-2.94,6.03,3.07,-9.08,2.45
55924,7.45,-2.99,6.29,2.90,-9.27,2.69
55973,7.65,-2.93,5.89,2.88,-9.15,3.16
55999,7.64,-2.99,6.01,2.96,-9.15,2.69
56048,7.58,-2.98,5.89,2.94,-9.10,2.51
56074,7.66,-3.06,6.23,2.91,-9.19,2.80
56123,7.65,-3.04,5.87,3.08,-9.14,2.86
56150,7.77,-2.94,6.19,3.14,-9.13,2.68
56199,7.65,-2.96,6.34,2.78,-9.12,2.77
56224,7.62,-2.85,5.98,2.88,-9.21,2.76
56273,7.60,-3.02,5.92,2.80,-9.15,2.81
56299,7.66,-2.95,6.26,2.94,-9.16,2.98
56349,7.45,-2.95,5.91,2.90,-9.18,2.79
56374,7.75,-3.05,6.04,2.80,-9.15,2.67
56399,7.62,-2.94,6.11,2.87,-9.16,2.67
56449,7.78,-2.97,6.03,3.09,-9.16,2.72
56474,7.60,-2.89,5.95,3.13,-9.16,2.89
56523,7.63,-3.01,6.08,3.02,-9.09,2.97
56549,7.52,-2.97,5.92,2.91,-9.12,2.79
56598,7.65,-2.95,6.23,2.83,-9.08,3.01
56625,7.63,-2.99,6.30,2.95,-9.11,2.83
56674,7.75,-2.97,5.94,2.91,-9.18,2.59
56699,7.48,-3.02,6.26,3.08,-9.07,3.03
56750,7.68,-2.88,6.08,2.92,-9.27,3.15
56773,7.68,-3.00,6.04,2.82,-9.18,3.02
56799,7.61,-2.90,5.93,3.06,-9.14,2.90
56848,7.63,-3.07,6.18,2.88,-9.09,2.67
56875,7.63,-2.98,6.19,2.96,-9.11,2.86
56924,7.72,-2.99,6.00,2.92,-9.23,2.82
56949,7.55,-2.95,6.42,2.86,-9.10,2.71
56998,7.67,-3.02,6.22,2.78,-9.06,2.67
57024,7.67,-2.98,5.98,2.92,-9.06,2.64
57074,7.70,-3.10,6.26,3.02,-9.18,2.80
57099,7.58,-3.02,5.91,2.98,-9.21,2.60
57150,7.49,-2.97,5.81,2.95,-9.10,2.83
57175,7.72,-3.00,5.97,2.94,-9.17,2.77
57199,7.66,-2.94,6.23,3.01,-9.07,2.95
57248,7.53,-2.93,6.31,2.94,-9.08,2.66
57274,7.61,-3.01,6.26,2.88,-9.15,2.79
57323,7.67,-2.95,6.23,3.01,-9.14,2.53
57349,7.65,-3.10,6.35,2.72,-9.16,2.87
57399,7.63,-2.94,6.13,3.06,-9.21,2.94
57424,7.72,-2.96,6.28,2.90,-9.16,2.92
57475,7.62,-2.95,6.00,2.99,-9.18,2.88
57498,7.68,-2.97,6.07,2.94,-9.24,2.85
57549,7.56,-2.93,6.20,2.95,-9.05,2.60
57573,7.51,-3.01,6.17,2.79,-9.17,2.60
57600,7.71,-2.91,6.14,2.97,-9.21,2.79
57649,7.61,-3.01,6.03,2.95,-9.16,3.24
57674,7.65,-3.01,6.02,3.00,-9.11,2.75
57723,7.50,-3.09,6.09,3.03,-9.14,2.85
57749,7.72,-2.95,6.10,2.90,-9.16,2.98
57799,7.71,-3.03,6.09,2.85,-9.20,2.81
57824,7.73,-3.03,6.39,2.86,-9.19,2.56
57875,7.69,-3.01,5.96,2.97,-9.10,2.77
57899,7.64,-2.93,6.11,2.90,-9.25,2.51
57950,7.57,-2.92,6.28,2.99,-9.12,2.94
57974,7.49,-3.04,6.19,2.91,-9.11,2.62
57999,7.59,-2.97,6.20,2.94,-9.12,2.75
58048,7.70,-3.03,6.11,2.91,-9.11,2.57
58074,7.71,-2.90,6.14,2.94,-9.18,2.82
58124,7.67,-3.04,6.29,2.94,-9.17,2.90
58149,7.66,-2.97,6.20,2.77,-9.11,2.93
58200,7.66,-2.94,6.25,2.87,-9.08,2.78
58224,-0.24,-8.13,7.48,3.02,-9.20,2.38
58274,7.78,-3.14,4.94,2.30,-9.60,3.19
58298,8.94,-1.55,4.19,2.73,-9.28,2.68
58349,9.91,-2.05,4.38,2.99,-9.16,2.60
58374,9.06,-2.87,7.15,2.93,-9.17,2.80
58399,7.97,-2.79,6.43,2.88,-9.13,2.82
58448,7.52,-1.50,2.06,2.82,-9.21,2.60
58474,7.60,-1.82,4.33,3.06,-9.19,2.26
58524,10.51,-0.95,5.91,4.23,-8.06,3.64
58549,7.27,-3.69,4.92,2.37,-8.96,3.20
58599,8.20,-2.54,5.03,2.73,-9.13,3.13
58625,8.99,-2.11,5.00,3.12,-8.92,2.70
58675,9.24,-2.11,4.93,2.72,-9.26,2.74
58699,9.14,-2.25,4.97,2.48,-9.37,2.74
58749,7.74,-1.47,3.71,2.78,-9.29,2.75
58773,10.48,-1.38,4.78,2.70,-9.26,2.65
58824,9.49,-1.42,3.88,2.61,-9.17,2.60
58850,9.72,-1.60,3.80,2.79,-9.17,3.03
58874,8.72,-1.90,4.17,2.44,-9.43,2.70
58925,9.22,-1.87,4.32,2.99,-8.99,2.38
58949,9.41,-1.50,4.23,2.83,-9.06,2.78
58999,9.19,-1.78,4.30,2.49,-9.39,2.84
59024,9.07,-1.60,4.30,2.52,-9.20,2.63
59074,8.76,-1.99,4.72,2.75,-9.22,2.57
59099,9.20,-1.83,4.56,2.56,-9.30,2.78
59150,9.05,-2.08,4.63,2.78,-9.18,2.58
59174,9.09,-1.89,4.58,2.31,-9.43,2.58
59225,9.17,-2.03,4.94,2.38,-9.53,2.50
59249,9.27,-1.75,4.75,2.47,-9.56,2.85
59274,9.02,-2.05,4.59,2.97,-9.02,2.76
59324,8.92,-1.71,4.60,2.83,-9.13,2.84
59350,9.01,-1.90,4.27,2.16,-9.54,2.71
59400,10.85,-0.96,3.31,2.71,-9.28,2.75
59424,8.95,-2.35,4.15,3.04,-8.93,3.03
59474,11.66,-2.06,4.91,2.73,-9.26,2.87
59498,8.04,-0.79,2.79,2.82,-8.92,4.45
